Id;Sexo;Edad;MiembrosFamilia;ViveConPadres;TrabajoMama;TrabajoPapa;Cuidador;TiempoDedicadoEstudioNum;ApoyoEscolar;ApoyoEscolarFamilia;QuiereEstudioUniversitario;RelacionRomantica;CalidadRelFamilia;TiempoLibre;SaleConAmigos;Ausencias;CantAlcPorSem;PromNotas
1;F;18.0;5.0;S;Educacion;Am@DeCasa;Ma;11.0;Si;Si;Si;Si;1.0;3.0;2.0;13.0;2;7.33
2;F;20.0;4.0;N;Otros;Otros;Papa;2.0;No;No;No;No;2.0;4.0;5.0;14.0;3;10.33
3;F;16.0;3.0;N;Educacion;Otros;Otros;5.0;No;No;No;No;3.0;3.0;2.0;8.0;4;12.33
3;F;16.0;3.0;N;;;;;;;;;;;;;;12.33
4;F;14.0;1.0;S;Otros;Salud;Otros;14.0;No;Si;Si;No;1.0;2.0;3.0;19.0;3;14.0
5;F;14.0;2.0;N;Am@DeCasa;Servicios;Otros;5.0;Si;Si;No;No;4.0;5.0;4.0;18.0;2;12.33
6;M;15.0;2.0;S;Salud;Servicios;Papa;11.0;No;Si;Si;Si;3.0;2.0;2.0;17.0;3;12.33
7;F;17.0;1.0;N;Salud;Educacion;Otros;4.0;No;No;Si;Si;2.0;2.0;4.0;18.0;4;12.67
8;F;18.0;1.0;S;Am@DeCasa;Salud;Mama;0.0;No;No;Si;No;2.0;1.0;4.0;17.0;3;12.0
8;F;18.0;1.0;S;Am@DeCasa;Salud;;;;;;;;;;;;12.0
9;F;17.0;5.0;N;Am@DeCasa;Am@DeCasa;Otros;1.0;No;Si;Si;No;1.0;2.0;5.0;11.0;3;16.0
10;M;18.0;2.0;N;Educacion;Servicios;Otros;15.0;Si;No;Si;Si;1.0;5.0;5.0;17.0;2;12.33
11;F;18.0;4.0;S;Salud;Salud;Mama;14.0;No;Si;No;Si;4.0;5.0;5.0;20.0;3;14.0
12;M;20.0;4.0;N;Servicios;Educacion;Papa;1.0;No;No;Si;Si;3.0;2.0;3.0;7.0;3;11.67
13;F;17.0;1.0;S;Otros;Servicios;Papa;5.0;Si;Si;No;No;4.0;4.0;5.0;10.0;2;12.33
14;M;18.0;5.0;N;Educacion;Educacion;Mama;2.0;Si;Si;No;Si;2.0;5.0;3.0;7.0;5;12.33
15;M;19.0;4.0;N;Am@DeCasa;Otros;Papa;2.0;No;No;Si;No;1.0;5.0;5.0;9.0;4;14.33
16;F;18.0;4.0;N;Am@DeCasa;Servicios;Otros;2.0;No;No;Si;Si;2.0;3.0;1.0;1.0;2;17.0
17;F;19.0;4.0;S;Am@DeCasa;Salud;Mama;11.0;Si;No;Si;Si;1.0;1.0;5.0;13.0;1;13.33
18;F;19.0;2.0;N;Educacion;Am@DeCasa;Ma;1.0;Si;Si;No;Si;2.0;5.0;4.0;9.0;2;13.67
19;M;19.0;4.0;N;Am@DeCasa;Servicios;Otros;5.0;No;No;No;Si;3.0;2.0;3.0;14.0;4;7.67
20;M;20.0;3.0;S;Salud;Salud;Papa;3.0;Si;Si;No;Si;5.0;1.0;5.0;7.0;2;12.0
21;F;14.0;1.0;N;Educacion;Otros;Papa;11.0;No;No;No;Si;1.0;1.0;5.0;7.0;5;13.0
22;F;14.0;5.0;N;Salud;Otros;Papa;0.0;No;Si;No;No;3.0;1.0;5.0;11.0;3;11.67
23;F;17.0;4.0;N;Am@DeCasa;Educacion;Otros;3.0;Si;No;Si;Si;2.0;2.0;3.0;4.0;4;13.0
24;F;19.0;5.0;S;Educacion;Educacion;Otros;10.0;Si;Si;Si;No;4.0;3.0;1.0;19.0;4;10.0
25;F;15.0;4.0;N;Salud;Am@DeCasa;Otros;0.0;No;No;No;No;1.0;1.0;2.0;8.0;3;10.33
26;M;19.0;3.0;S;Am@DeCasa;Educacion;Papa;4.0;No;No;Si;Si;3.0;2.0;3.0;18.0;2;11.0
27;M;14.0;2.0;N;Salud;Educacion;Papa;2.0;No;Si;Si;Si;3.0;5.0;4.0;12.0;4;11.67
28;F;17.0;5.0;N;Otros;Servicios;Otros;15.0;Si;Si;No;Si;3.0;5.0;5.0;17.0;3;11.0
29;F;17.0;2.0;S;Am@DeCasa;Educacion;Papa;1.0;No;Si;No;No;3.0;2.0;2.0;16.0;4;12.33
30;F;15.0;5.0;N;Educacion;Salud;Papa;11.0;Si;Si;Si;No;4.0;4.0;1.0;6.0;4;11.67
31;F;19.0;3.0;S;Educacion;Salud;Mama;0.0;Si;Si;No;Si;3.0;5.0;3.0;1.0;4;10.67
32;M;15.0;3.0;N;Otros;Salud;Papa;0.0;Si;No;No;Si;4.0;3.0;3.0;10.0;4;15.0
33;F;18.0;2.0;S;Educacion;Educacion;Papa;3.0;Si;Si;Si;No;4.0;3.0;1.0;9.0;1;14.0
34;F;15.0;5.0;N;Educacion;Educacion;Otros;12.0;No;Si;Si;No;2.0;2.0;4.0;16.0;4;12.33
35;M;16.0;1.0;S;Servicios;Am@DeCasa;Otros;2.0;Si;No;No;Si;1.0;3.0;4.0;11.0;5;12.0
36;F;13.0;3.0;S;Servicios;Otros;Papa;11.0;Si;Si;No;No;5.0;1.0;3.0;10.0;4;11.0
37;F;19.0;2.0;S;Am@DeCasa;Salud;Papa;0.0;No;Si;Si;Si;5.0;5.0;1.0;5.0;3;14.0
38;F;18.0;5.0;N;Am@DeCasa;Servicios;Papa;0.0;Si;Si;No;No;5.0;5.0;1.0;13.0;3;13.0
39;M;19.0;1.0;S;Salud;Salud;Papa;5.0;Si;Si;Si;No;3.0;4.0;5.0;9.0;3;11.67
40;M;13.0;4.0;S;Educacion;Am@DeCasa;Ma;13.0;Si;Si;No;No;5.0;3.0;3.0;3.0;4;13.0
41;F;15.0;4.0;S;Am@DeCasa;Salud;Papa;14.0;Si;No;Si;No;4.0;1.0;5.0;14.0;4;10.67
42;M;20.0;3.0;S;Salud;Otros;Mama;5.0;Si;No;Si;No;3.0;1.0;4.0;8.0;4;10.67
43;M;18.0;3.0;S;Am@DeCasa;Salud;Mama;13.0;No;No;No;Si;4.0;4.0;4.0;15.0;4;14.67
44;F;17.0;2.0;N;Otros;Otros;Mama;13.0;Si;No;Si;No;2.0;2.0;3.0;0.0;3;9.67
45;M;13.0;2.0;S;Am@DeCasa;Otros;Papa;2.0;Si;No;No;No;4.0;3.0;2.0;12.0;2;10.67
46;M;18.0;2.0;S;Salud;Salud;Otros;4.0;No;Si;Si;No;5.0;5.0;1.0;6.0;4;10.67
47;M;19.0;3.0;N;Otros;Servicios;Mama;15.0;No;Si;No;No;2.0;3.0;4.0;17.0;3;12.67
48;F;20.0;5.0;N;Servicios;Salud;Papa;15.0;No;No;Si;Si;4.0;4.0;4.0;6.0;3;17.0
49;M;14.0;1.0;N;Educacion;Servicios;Papa;0.0;Si;Si;Si;Si;2.0;4.0;4.0;9.0;1;12.0
50;F;19.0;4.0;S;Salud;Servicios;Otros;1.0;No;No;Si;No;2.0;2.0;3.0;17.0;3;12.33
51;F;18.0;4.0;S;Servicios;Servicios;Mama;1.0;No;Si;Si;No;1.0;2.0;2.0;7.0;4;13.33
52;F;18.0;1.0;N;Otros;Salud;Papa;14.0;No;Si;No;Si;5.0;2.0;4.0;2.0;1;15.33
53;M;18.0;5.0;N;Servicios;Educacion;Mama;2.0;Si;Si;No;No;1.0;5.0;2.0;3.0;4;9.33
54;M;16.0;1.0;S;Otros;Otros;Papa;11.0;Si;No;No;Si;4.0;2.0;2.0;8.0;4;12.33
55;F;15.0;2.0;N;Am@DeCasa;Salud;Papa;2.0;Si;No;Si;No;3.0;3.0;4.0;6.0;3;12.67
55;F;15.0;2.0;N;Am@DeCasa;Salud;Papa;2.0;Si;No;Si;No;3.0;3.0;4.0;6.0;3;12.67
56;F;16.0;3.0;S;Otros;Educacion;Mama;0.0;Si;Si;Si;Si;2.0;3.0;4.0;11.0;4;12.33
57;F;13.0;3.0;N;Otros;Servicios;Papa;15.0;No;Si;Si;No;3.0;1.0;1.0;7.0;4;14.67
58;F;13.0;5.0;N;Otros;Otros;Papa;8.0;No;Si;No;No;1.0;3.0;5.0;2.0;4;15.33
59;F;17.0;1.0;N;Am@DeCasa;Educacion;Otros;3.0;No;Si;No;No;2.0;2.0;4.0;15.0;1;13.67
60;M;16.0;5.0;N;Otros;Otros;Otros;15.0;Si;No;No;No;1.0;2.0;3.0;18.0;2;15.67
61;F;19.0;5.0;S;Servicios;Am@DeCasa;Ma;0.0;Si;No;Si;No;4.0;3.0;3.0;13.0;3;16.33
62;F;13.0;4.0;S;Otros;Otros;Papa;13.0;Si;No;No;No;1.0;2.0;2.0;15.0;3;12.0
63;M;19.0;4.0;N;Servicios;Servicios;Papa;0.0;No;No;Si;Si;2.0;3.0;5.0;18.0;5;12.0
64;M;19.0;5.0;N;Servicios;Servicios;Otros;7.0;Si;Si;Si;Si;3.0;1.0;3.0;6.0;4;13.33
65;M;14.0;1.0;N;Am@DeCasa;Educacion;Papa;2.0;Si;Si;Si;Si;2.0;2.0;2.0;10.0;4;12.33
66;M;18.0;5.0;S;Salud;Otros;Otros;15.0;Si;Si;Si;No;1.0;3.0;3.0;15.0;2;15.67
67;F;18.0;5.0;N;Educacion;Salud;Papa;5.0;Si;Si;No;Si;5.0;4.0;3.0;9.0;4;11.67
68;M;16.0;3.0;S;Salud;Am@DeCasa;Papa;3.0;Si;Si;Si;Si;3.0;2.0;2.0;8.0;4;9.67
69;M;13.0;5.0;S;Educacion;Educacion;Papa;6.0;No;No;Si;No;4.0;4.0;2.0;13.0;5;10.67
70;F;20.0;5.0;S;Otros;Educacion;Mama;13.0;Si;Si;Si;No;3.0;3.0;2.0;1.0;2;15.0
71;F;13.0;1.0;N;Educacion;Am@DeCasa;Papa;9.0;No;No;Si;Si;5.0;1.0;4.0;18.0;3;11.67
72;M;19.0;5.0;N;Servicios;Servicios;Otros;2.0;No;No;Si;Si;1.0;5.0;1.0;6.0;2;10.0
73;F;18.0;4.0;N;Otros;Otros;Papa;4.0;Si;No;Si;Si;1.0;2.0;4.0;0.0;2;11.67
74;M;19.0;1.0;N;Salud;Am@DeCasa;Papa;0.0;No;Si;No;Si;3.0;2.0;4.0;18.0;4;13.33
75;F;13.0;3.0;S;Otros;Educacion;Mama;2.0;Si;No;Si;Si;5.0;3.0;2.0;9.0;3;11.0
76;M;13.0;5.0;N;Otros;Otros;Mama;0.0;Si;Si;No;Si;1.0;4.0;1.0;3.0;2;11.0
77;M;14.0;5.0;N;Am@DeCasa;Am@DeCasa;Otros;0.0;Si;Si;Si;No;1.0;1.0;1.0;4.0;2;11.33
78;M;13.0;2.0;S;Am@DeCasa;Am@DeCasa;Mama;6.0;Si;No;Si;Si;5.0;1.0;2.0;18.0;4;13.0
79;M;15.0;1.0;N;Servicios;Salud;Papa;7.0;Si;Si;Si;No;1.0;4.0;3.0;5.0;2;9.33
79;M;15.0;1.0;N;Servicios;Salud;Papa;7.0;Si;Si;Si;No;1.0;4.0;3.0;5.0;2;9.33
79;M;;;;;;;;Si;Si;Si;No;1.0;4.0;3.0;5.0;2;9.33
80;F;16.0;4.0;N;Otros;Servicios;Papa;7.0;No;No;No;No;2.0;3.0;4.0;4.0;1;11.33
81;M;14.0;4.0;S;Am@DeCasa;Educacion;Otros;5.0;No;Si;Si;Si;1.0;2.0;4.0;7.0;2;11.33
82;F;16.0;4.0;S;Otros;Educacion;Otros;15.0;Si;No;No;No;5.0;2.0;2.0;1.0;3;9.33
83;F;15.0;3.0;N;Am@DeCasa;Educacion;Otros;0.0;No;Si;No;No;4.0;2.0;1.0;16.0;4;11.33
84;F;17.0;2.0;S;Am@DeCasa;Am@DeCasa;Mama;7.0;No;Si;Si;Si;5.0;2.0;5.0;20.0;4;12.67
85;M;14.0;4.0;S;Otros;Am@DeCasa;Mama;2.0;No;No;No;Si;5.0;4.0;3.0;6.0;4;12.33
86;M;18.0;2.0;N;Salud;Servicios;Otros;8.0;Si;No;No;No;2.0;1.0;4.0;1.0;3;11.67
87;M;17.0;3.0;N;Salud;Educacion;Otros;1.0;Si;No;Si;No;2.0;1.0;3.0;20.0;5;11.67
88;M;20.0;4.0;S;Am@DeCasa;Otros;Mama;8.0;Si;Si;No;No;2.0;3.0;3.0;10.0;2;15.0
89;F;19.0;5.0;S;Salud;Otros;Otros;1.0;Si;Si;Si;No;4.0;1.0;5.0;10.0;3;11.0
90;M;13.0;2.0;N;Otros;Salud;Papa;9.0;No;No;No;Si;5.0;3.0;5.0;19.0;1;9.33
91;M;13.0;4.0;N;Educacion;Am@DeCasa;Otros;1.0;Si;No;Si;Si;2.0;3.0;2.0;17.0;3;10.33
92;F;17.0;1.0;N;Otros;Am@DeCasa;Ma;10.0;Si;Si;No;No;2.0;1.0;2.0;2.0;5;13.33
93;F;17.0;1.0;S;Servicios;Salud;Papa;1.0;Si;Si;Si;No;5.0;1.0;5.0;14.0;3;12.33
94;M;18.0;5.0;S;Am@DeCasa;Educacion;Mama;15.0;No;No;No;No;2.0;1.0;4.0;16.0;2;13.67
95;F;19.0;3.0;S;Educacion;Otros;Otros;3.0;Si;Si;Si;No;5.0;5.0;4.0;0.0;2;11.67
96;M;15.0;5.0;N;Otros;Salud;Mama;5.0;Si;Si;Si;No;4.0;3.0;4.0;9.0;5;13.0
97;M;16.0;5.0;S;Am@DeCasa;Educacion;Otros;10.0;No;No;No;No;1.0;2.0;3.0;9.0;4;10.33
98;M;14.0;4.0;N;Servicios;Am@DeCasa;Papa;3.0;Si;No;Si;No;4.0;5.0;4.0;3.0;2;12.33
99;F;15.0;5.0;N;Am@DeCasa;Servicios;Mama;6.0;No;Si;No;No;3.0;3.0;2.0;14.0;4;12.67
100;F;18.0;4.0;S;Servicios;Am@DeCasa;Otros;0.0;No;No;No;Si;3.0;4.0;1.0;6.0;4;12.67
100;F;18.0;4.0;S;Servicios;Am@DeCasa;Otros;0.0;No;No;No;Si;3.0;4.0;1.0;6.0;4;12.67
101;F;17.0;4.0;S;Servicios;Am@DeCasa;Mama;1.0;No;No;Si;Si;3.0;3.0;4.0;6.0;3;8.67
102;F;16.0;5.0;N;Educacion;Am@DeCasa;Mama;11.0;No;Si;Si;No;4.0;1.0;4.0;7.0;5;16.0
103;F;20.0;2.0;S;Salud;Salud;Papa;15.0;No;Si;No;No;2.0;4.0;4.0;19.0;5;12.33
104;M;18.0;1.0;N;Servicios;Otros;Otros;9.0;Si;No;Si;No;3.0;3.0;1.0;5.0;4;10.33
105;M;18.0;3.0;S;Am@DeCasa;Educacion;Otros;15.0;Si;Si;No;Si;5.0;5.0;1.0;10.0;4;16.0
106;M;18.0;4.0;S;Salud;Servicios;Mama;1.0;No;Si;No;No;1.0;3.0;2.0;0.0;4;10.0
107;F;14.0;3.0;S;Servicios;Salud;Mama;1.0;No;Si;Si;Si;2.0;4.0;4.0;8.0;4;10.0
108;M;20.0;4.0;S;Otros;Educacion;Mama;4.0;Si;No;No;Si;1.0;2.0;3.0;15.0;3;13.67
109;M;15.0;5.0;S;Otros;Otros;Otros;15.0;No;No;Si;No;2.0;4.0;4.0;16.0;4;11.0
110;F;20.0;5.0;N;Am@DeCasa;Educacion;Otros;0.0;Si;No;Si;No;3.0;3.0;2.0;6.0;2;14.67
111;F;13.0;4.0;N;Otros;Otros;Mama;5.0;Si;Si;No;Si;2.0;1.0;3.0;16.0;3;13.67
112;F;16.0;3.0;N;Educacion;Salud;Otros;12.0;No;No;No;Si;5.0;3.0;1.0;13.0;2;11.0
113;M;18.0;3.0;N;Salud;Am@DeCasa;Papa;1.0;Si;No;Si;No;5.0;1.0;5.0;16.0;3;9.33
112;F;16.0;3.0;N;Educacion;Salud;Otros;12.0;No;No;No;Si;5.0;3.0;1.0;13.0;2;11.0
113;M;18.0;3.0;N;Salud;Am@DeCasa;Papa;1.0;Si;No;Si;No;5.0;1.0;5.0;16.0;3;9.33
113;M;18.0;3.0;N;Salud;Am@DeCasa;Papa;1.0;Si;No;Si;No;5.0;1.0;5.0;16.0;3;9.33
114;M;17.0;1.0;N;Salud;Otros;Papa;0.0;No;Si;Si;Si;5.0;3.0;1.0;8.0;2;17.67
115;F;16.0;5.0;N;Otros;Educacion;Mama;2.0;No;No;Si;No;4.0;4.0;4.0;11.0;3;9.67
116;M;13.0;1.0;N;Otros;Educacion;Otros;11.0;Si;Si;Si;No;4.0;2.0;2.0;12.0;3;14.67
117;M;13.0;4.0;S;Servicios;Educacion;Mama;1.0;No;No;Si;No;5.0;2.0;1.0;19.0;3;15.67
118;F;16.0;4.0;S;Servicios;Salud;Mama;0.0;Si;Si;Si;No;4.0;1.0;4.0;19.0;5;14.33
119;F;18.0;1.0;S;Otros;Salud;Papa;0.0;Si;Si;Si;Si;2.0;1.0;2.0;10.0;4;11.33
120;M;16.0;5.0;S;Salud;Servicios;Mama;1.0;Si;No;No;Si;4.0;5.0;1.0;6.0;3;13.67
121;F;16.0;4.0;S;Otros;Educacion;Otros;5.0;No;No;No;Si;5.0;1.0;3.0;9.0;2;14.0
122;F;16.0;1.0;N;Educacion;Educacion;Otros;5.0;Si;No;No;No;3.0;2.0;3.0;1.0;2;13.33
123;F;13.0;4.0;N;Otros;Educacion;Otros;0.0;No;No;Si;No;5.0;4.0;3.0;3.0;3;13.0
124;M;15.0;5.0;N;Am@DeCasa;Am@DeCasa;Otros;5.0;No;No;Si;Si;4.0;5.0;2.0;20.0;4;12.67
125;F;19.0;2.0;S;Educacion;Servicios;Mama;1.0;No;No;Si;No;5.0;1.0;3.0;17.0;4;11.33
126;F;16.0;1.0;S;Servicios;Educacion;Mama;10.0;No;Si;Si;Si;4.0;3.0;1.0;13.0;4;9.0
127;M;15.0;1.0;S;Otros;Am@DeCasa;Mama;9.0;Si;No;No;Si;3.0;4.0;3.0;4.0;2;10.67
128;M;13.0;2.0;S;Servicios;Am@DeCasa;Otros;10.0;No;Si;Si;No;5.0;1.0;2.0;13.0;3;10.0
129;M;16.0;4.0;S;Educacion;Am@DeCasa;Papa;10.0;No;Si;No;No;4.0;1.0;4.0;10.0;2;14.33
130;M;15.0;2.0;S;Educacion;Salud;Papa;0.0;Si;No;Si;No;1.0;4.0;2.0;8.0;2;12.67
131;M;20.0;5.0;N;Servicios;Otros;Otros;0.0;Si;No;Si;No;2.0;2.0;1.0;5.0;3;11.0
132;F;16.0;5.0;S;Educacion;Otros;Mama;5.0;Si;No;No;No;1.0;5.0;4.0;20.0;4;9.0
133;F;20.0;2.0;S;Am@DeCasa;Salud;Otros;7.0;No;Si;Si;No;5.0;2.0;1.0;17.0;2;10.67
134;F;19.0;4.0;N;Salud;Educacion;Papa;0.0;Si;Si;No;Si;3.0;3.0;3.0;6.0;4;12.0
135;F;20.0;3.0;N;Educacion;Otros;Mama;1.0;Si;No;Si;No;5.0;2.0;3.0;7.0;4;12.33
136;M;13.0;1.0;N;Salud;Servicios;Otros;12.0;Si;Si;Si;No;3.0;2.0;4.0;19.0;5;14.0
137;M;18.0;1.0;N;Servicios;Am@DeCasa;Otros;0.0;No;No;Si;Si;1.0;3.0;3.0;14.0;3;9.67
138;F;13.0;4.0;S;Otros;Servicios;Mama;4.0;Si;Si;No;No;5.0;4.0;4.0;6.0;3;11.67
139;F;15.0;3.0;N;Servicios;Servicios;Otros;12.0;No;No;No;Si;3.0;3.0;2.0;13.0;2;11.33
140;M;18.0;3.0;N;Educacion;Am@DeCasa;Otros;3.0;Si;No;No;No;4.0;5.0;5.0;16.0;2;14.0
141;M;20.0;5.0;N;Salud;Servicios;Otros;13.0;Si;No;Si;No;4.0;2.0;3.0;20.0;4;9.67
142;M;15.0;1.0;N;Educacion;Educacion;Otros;3.0;No;No;No;No;5.0;4.0;5.0;13.0;3;13.33
143;M;16.0;4.0;S;Servicios;Educacion;Papa;2.0;Si;No;No;No;3.0;4.0;4.0;11.0;2;11.33
144;F;16.0;3.0;S;Educacion;Educacion;Otros;0.0;Si;No;Si;Si;2.0;3.0;5.0;4.0;2;11.33
145;M;20.0;2.0;S;Salud;Otros;Papa;13.0;No;Si;Si;Si;3.0;2.0;1.0;4.0;2;11.33
146;F;17.0;4.0;N;Am@DeCasa;Salud;Mama;14.0;Si;No;No;No;1.0;1.0;2.0;14.0;3;9.33
147;M;13.0;2.0;S;Servicios;Salud;Mama;12.0;No;No;Si;No;3.0;3.0;5.0;7.0;4;10.0
148;F;19.0;5.0;S;Salud;Otros;Otros;1.0;No;Si;No;No;1.0;3.0;1.0;4.0;2;13.67
149;M;13.0;3.0;S;Salud;Otros;Papa;9.0;No;Si;Si;No;4.0;3.0;1.0;20.0;4;8.67
150;F;14.0;1.0;S;Servicios;Servicios;Otros;11.0;No;Si;Si;No;4.0;5.0;2.0;0.0;3;10.33
151;M;17.0;3.0;S;Otros;Otros;Otros;13.0;Si;Si;No;Si;4.0;3.0;1.0;12.0;4;8.67
152;F;13.0;2.0;S;Salud;Otros;Otros;12.0;No;Si;No;No;1.0;3.0;4.0;11.0;3;13.67
153;F;13.0;3.0;S;Am@DeCasa;Am@DeCasa;Mama;4.0;Si;No;No;No;3.0;5.0;5.0;1.0;3;11.33
154;F;17.0;1.0;S;Salud;Servicios;Mama;4.0;Si;Si;Si;No;1.0;5.0;5.0;16.0;5;13.0
155;M;18.0;1.0;S;Educacion;Educacion;Papa;3.0;Si;Si;No;Si;5.0;1.0;3.0;16.0;3;10.67
156;F;16.0;5.0;S;Servicios;Educacion;Papa;0.0;Si;No;Si;Si;2.0;3.0;1.0;5.0;3;7.33
157;F;16.0;3.0;N;Educacion;Otros;Mama;0.0;No;Si;No;No;3.0;3.0;1.0;3.0;2;12.0
158;M;13.0;4.0;N;Servicios;Am@DeCasa;Mama;1.0;Si;Si;No;No;4.0;3.0;2.0;13.0;3;10.33
159;F;17.0;2.0;S;Otros;Servicios;Papa;5.0;Si;No;No;No;5.0;2.0;3.0;20.0;2;11.0
160;F;15.0;3.0;S;Am@DeCasa;Educacion;Otros;1.0;Si;Si;No;Si;4.0;3.0;2.0;17.0;2;12.67
161;M;19.0;2.0;N;Otros;Educacion;Papa;15.0;Si;Si;No;Si;4.0;1.0;5.0;19.0;4;11.0
162;M;20.0;3.0;N;Servicios;Otros;Mama;0.0;No;Si;Si;No;2.0;4.0;1.0;9.0;4;8.67
163;M;20.0;4.0;S;Educacion;Am@DeCasa;Otros;5.0;No;Si;No;Si;4.0;4.0;2.0;6.0;3;11.33
164;F;20.0;5.0;N;Am@DeCasa;Otros;Otros;2.0;Si;Si;No;Si;1.0;2.0;5.0;20.0;1;6.67
165;M;13.0;1.0;N;Am@DeCasa;Otros;Otros;7.0;No;Si;Si;No;5.0;1.0;2.0;8.0;2;9.67
166;F;19.0;5.0;S;Salud;Salud;Papa;2.0;Si;Si;No;Si;5.0;1.0;4.0;20.0;4;13.0
167;M;18.0;4.0;S;Servicios;Otros;Papa;0.0;No;No;No;Si;1.0;2.0;2.0;12.0;4;10.33
168;M;18.0;3.0;N;Salud;Salud;Otros;15.0;No;Si;No;Si;5.0;5.0;2.0;2.0;3;13.0
169;F;19.0;4.0;S;Servicios;Am@DeCasa;Papa;3.0;Si;Si;Si;Si;3.0;5.0;3.0;19.0;2;7.67
170;F;17.0;5.0;S;Am@DeCasa;Servicios;Mama;11.0;No;Si;No;Si;5.0;2.0;3.0;17.0;5;9.0
171;M;15.0;4.0;S;Educacion;Salud;Papa;1.0;Si;No;Si;Si;2.0;5.0;1.0;7.0;4;10.67
172;M;14.0;5.0;N;Salud;Otros;Papa;7.0;Si;No;No;No;1.0;4.0;1.0;12.0;3;11.0
173;M;13.0;3.0;N;Salud;Otros;Otros;7.0;Si;No;Si;No;2.0;3.0;1.0;16.0;1;7.0
174;F;18.0;4.0;S;Otros;Otros;Papa;3.0;Si;Si;No;Si;1.0;2.0;1.0;0.0;3;9.0
175;M;15.0;5.0;S;Otros;Salud;Mama;0.0;Si;No;Si;Si;1.0;5.0;1.0;16.0;2;8.33
176;F;16.0;5.0;S;Am@DeCasa;Servicios;Papa;13.0;No;No;Si;No;5.0;3.0;3.0;15.0;3;7.0
177;F;13.0;4.0;N;Salud;Educacion;Papa;3.0;No;Si;Si;Si;3.0;4.0;3.0;18.0;4;9.0
178;F;13.0;5.0;S;Servicios;Salud;Otros;4.0;Si;Si;No;Si;5.0;4.0;4.0;16.0;3;8.33
179;M;17.0;4.0;S;Educacion;Servicios;Otros;8.0;Si;No;Si;No;3.0;1.0;5.0;19.0;2;8.0
180;M;19.0;5.0;N;Salud;Am@DeCasa;Papa;8.0;No;No;No;No;1.0;3.0;1.0;17.0;4;7.67
181;F;14.0;4.0;S;Salud;Educacion;Otros;0.0;No;Si;Si;No;3.0;3.0;5.0;16.0;2;10.0
182;F;20.0;2.0;N;Am@DeCasa;Otros;Otros;0.0;Si;No;No;Si;5.0;4.0;3.0;0.0;3;17.33
183;F;14.0;5.0;N;Salud;Educacion;Mama;13.0;No;No;Si;Si;5.0;1.0;5.0;14.0;2;12.33
184;M;14.0;5.0;N;Otros;Salud;Papa;6.0;Si;Si;Si;Si;1.0;2.0;1.0;8.0;4;16.33
185;M;19.0;1.0;N;Servicios;Am@DeCasa;Papa;0.0;No;Si;No;Si;1.0;2.0;5.0;5.0;4;9.33
186;M;13.0;1.0;S;Am@DeCasa;Salud;Mama;1.0;No;Si;No;No;2.0;5.0;1.0;19.0;2;17.0
187;F;19.0;4.0;S;Otros;Educacion;Papa;4.0;Si;No;No;Si;2.0;5.0;1.0;4.0;2;10.0
188;F;20.0;2.0;S;Servicios;Educacion;Mama;8.0;Si;No;No;No;4.0;1.0;5.0;3.0;2;13.33
189;F;14.0;1.0;S;Otros;Otros;Mama;0.0;Si;No;Si;No;4.0;1.0;2.0;0.0;3;14.33
190;F;20.0;4.0;N;Am@DeCasa;Otros;Papa;15.0;No;Si;Si;Si;3.0;1.0;3.0;6.0;2;10.67
191;F;16.0;4.0;N;Otros;Educacion;Otros;10.0;Si;Si;No;No;3.0;4.0;1.0;20.0;3;13.0
192;M;14.0;3.0;N;Servicios;Salud;Otros;11.0;Si;Si;Si;No;4.0;2.0;5.0;2.0;3;10.0
193;M;19.0;5.0;S;Salud;Otros;Otros;1.0;Si;No;No;Si;3.0;5.0;5.0;20.0;3;10.0
194;F;19.0;5.0;S;Am@DeCasa;Otros;Otros;0.0;Si;Si;No;Si;3.0;1.0;3.0;17.0;3;11.67
195;M;16.0;2.0;N;Am@DeCasa;Salud;Otros;12.0;No;Si;Si;Si;2.0;5.0;1.0;12.0;3;10.67
196;F;13.0;1.0;S;Educacion;Educacion;Papa;1.0;No;Si;Si;No;1.0;5.0;5.0;16.0;2;12.0
197;M;14.0;4.0;N;Salud;Salud;Mama;11.0;No;Si;Si;Si;2.0;3.0;1.0;9.0;2;17.33
198;F;20.0;5.0;N;Salud;Educacion;Otros;5.0;No;Si;Si;Si;5.0;1.0;4.0;8.0;1;13.67
199;F;18.0;2.0;N;Educacion;Servicios;Otros;9.0;No;No;Si;No;3.0;4.0;2.0;8.0;4;15.0
200;F;19.0;2.0;S;Salud;Otros;Papa;10.0;Si;Si;No;No;1.0;5.0;4.0;10.0;3;12.67
201;M;20.0;1.0;N;Educacion;Salud;Papa;1.0;Si;Si;Si;No;4.0;2.0;3.0;18.0;2;10.0
202;F;13.0;5.0;S;Servicios;Servicios;Papa;6.0;Si;No;Si;No;1.0;2.0;3.0;7.0;4;14.33
203;M;18.0;1.0;S;Otros;Salud;Mama;5.0;Si;No;Si;Si;5.0;3.0;2.0;2.0;2;13.0
204;F;14.0;4.0;N;Otros;Educacion;Papa;15.0;Si;Si;Si;No;4.0;3.0;1.0;11.0;4;9.33
205;F;14.0;4.0;S;Am@DeCasa;Am@DeCasa;Otros;0.0;Si;Si;Si;Si;4.0;4.0;2.0;0.0;3;12.33
206;M;14.0;2.0;N;Am@DeCasa;Am@DeCasa;Otros;0.0;No;Si;Si;Si;2.0;4.0;3.0;11.0;4;11.67
207;F;14.0;2.0;N;Educacion;Salud;Papa;14.0;No;No;Si;No;3.0;4.0;2.0;8.0;1;11.0
208;M;18.0;4.0;N;Am@DeCasa;Otros;Otros;5.0;Si;Si;No;Si;1.0;1.0;3.0;4.0;3;10.33
209;M;18.0;4.0;S;Salud;Am@DeCasa;Mama;15.0;No;No;No;No;4.0;2.0;3.0;19.0;4;12.33
210;F;16.0;4.0;S;Salud;Salud;Papa;1.0;Si;No;No;No;4.0;1.0;4.0;18.0;4;15.0
211;M;15.0;1.0;N;Otros;Educacion;Papa;11.0;Si;Si;Si;Si;3.0;2.0;4.0;15.0;2;13.33
212;M;20.0;4.0;N;Educacion;Servicios;Papa;4.0;Si;No;Si;No;3.0;4.0;3.0;6.0;2;11.0
213;F;18.0;1.0;S;Educacion;Am@DeCasa;Mama;10.0;No;Si;No;Si;3.0;1.0;5.0;15.0;2;15.0
214;F;19.0;3.0;S;Servicios;Am@DeCasa;Mama;9.0;Si;No;Si;No;5.0;3.0;1.0;1.0;2;10.67
215;M;20.0;3.0;S;Servicios;Otros;Mama;7.0;Si;No;Si;No;5.0;3.0;2.0;13.0;2;14.33
216;M;17.0;4.0;S;Servicios;Educacion;Papa;13.0;Si;Si;No;No;4.0;5.0;5.0;3.0;2;11.67
217;M;16.0;3.0;N;Educacion;Salud;Papa;14.0;No;Si;Si;Si;2.0;2.0;3.0;6.0;5;14.67
218;M;15.0;4.0;S;Servicios;Educacion;Mama;2.0;No;Si;Si;No;5.0;3.0;4.0;19.0;1;13.0
219;M;20.0;4.0;S;Am@DeCasa;Otros;Mama;5.0;Si;No;Si;No;5.0;5.0;5.0;20.0;5;13.0
220;F;14.0;2.0;S;Salud;Salud;Mama;15.0;Si;No;No;Si;1.0;3.0;1.0;13.0;3;8.33
221;M;19.0;3.0;N;Educacion;Salud;Papa;5.0;No;Si;Si;No;4.0;2.0;1.0;11.0;2;11.33
222;F;13.0;2.0;S;Salud;Educacion;Otros;12.0;Si;Si;Si;No;2.0;3.0;4.0;20.0;2;14.67
223;F;16.0;5.0;S;Educacion;Am@DeCasa;Papa;13.0;Si;Si;Si;Si;5.0;2.0;1.0;7.0;4;12.67
224;F;18.0;4.0;N;Salud;Servicios;Mama;3.0;No;No;No;Si;3.0;1.0;4.0;19.0;3;11.67
225;M;17.0;5.0;N;Servicios;Servicios;Mama;3.0;No;Si;No;No;4.0;2.0;2.0;11.0;3;12.0
226;M;19.0;4.0;N;Educacion;Otros;Otros;3.0;No;No;No;No;2.0;3.0;3.0;2.0;2;12.33
227;M;14.0;4.0;S;Salud;Educacion;Mama;5.0;Si;No;No;No;2.0;2.0;3.0;15.0;4;13.0
228;M;14.0;4.0;S;Servicios;Am@DeCasa;Otros;1.0;Si;No;Si;Si;1.0;5.0;4.0;20.0;2;11.33
229;F;19.0;4.0;S;Am@DeCasa;Otros;Papa;5.0;Si;Si;Si;Si;4.0;1.0;4.0;7.0;3;11.33
230;F;18.0;4.0;S;Educacion;Educacion;Papa;1.0;No;Si;No;Si;5.0;1.0;2.0;16.0;3;15.0
231;F;16.0;5.0;N;Otros;Educacion;Mama;1.0;No;No;No;Si;3.0;5.0;5.0;13.0;3;10.0
232;F;13.0;1.0;S;Otros;Otros;Papa;12.0;No;No;No;Si;1.0;3.0;4.0;2.0;5;10.0
233;F;18.0;4.0;N;Am@DeCasa;Otros;Mama;1.0;No;No;Si;No;2.0;2.0;1.0;16.0;2;12.67
234;F;18.0;4.0;S;Am@DeCasa;Educacion;Papa;12.0;No;No;Si;Si;5.0;3.0;5.0;7.0;2;12.33
235;F;17.0;3.0;N;Otros;Otros;Mama;3.0;No;No;No;Si;2.0;2.0;4.0;10.0;3;10.67
236;F;17.0;2.0;N;Salud;Salud;Papa;8.0;No;Si;Si;No;3.0;5.0;1.0;0.0;1;12.0
237;M;18.0;4.0;S;Otros;Otros;Mama;0.0;Si;No;Si;Si;4.0;4.0;3.0;16.0;4;13.33
238;F;16.0;3.0;S;Educacion;Am@DeCasa;Papa;10.0;No;No;No;Si;1.0;3.0;1.0;4.0;4;9.67
239;F;19.0;2.0;S;Otros;Otros;Otros;8.0;No;Si;Si;No;2.0;1.0;1.0;16.0;3;15.67
240;M;20.0;5.0;S;Salud;Salud;Otros;5.0;Si;Si;Si;Si;2.0;3.0;1.0;11.0;2;8.0
241;F;14.0;4.0;S;Am@DeCasa;Salud;Papa;12.0;No;No;No;Si;1.0;2.0;3.0;2.0;2;17.33
242;M;16.0;5.0;S;Servicios;Servicios;Otros;0.0;No;No;Si;No;1.0;3.0;1.0;5.0;4;10.67
243;M;14.0;5.0;S;Salud;Salud;Papa;13.0;No;Si;Si;Si;4.0;2.0;4.0;9.0;2;10.0
244;F;13.0;3.0;N;Salud;Educacion;Papa;13.0;No;No;Si;Si;3.0;3.0;5.0;1.0;3;15.33
245;M;16.0;2.0;N;Educacion;Salud;Mama;1.0;Si;Si;No;Si;2.0;3.0;5.0;20.0;2;12.67
246;F;20.0;3.0;N;Salud;Educacion;Otros;0.0;No;No;Si;Si;5.0;3.0;4.0;10.0;4;12.67
247;F;14.0;2.0;N;Am@DeCasa;Otros;Papa;12.0;Si;No;Si;No;3.0;1.0;2.0;13.0;1;13.0
248;F;14.0;5.0;N;Otros;Servicios;Mama;9.0;Si;Si;Si;No;5.0;2.0;3.0;13.0;1;13.33
249;M;16.0;5.0;S;Otros;Servicios;Papa;5.0;No;No;No;Si;2.0;4.0;3.0;0.0;4;9.0
250;M;19.0;1.0;N;Otros;Otros;Papa;1.0;No;No;Si;Si;1.0;1.0;2.0;6.0;3;12.0
251;M;20.0;4.0;N;Am@DeCasa;Salud;Papa;1.0;Si;No;No;No;1.0;3.0;4.0;7.0;2;16.0
252;M;15.0;5.0;S;Otros;Educacion;Otros;2.0;Si;No;No;Si;2.0;4.0;3.0;8.0;4;9.67
253;F;13.0;4.0;S;Servicios;Salud;Papa;0.0;No;No;No;Si;4.0;2.0;4.0;20.0;4;13.33
254;F;17.0;1.0;N;Otros;Salud;Otros;10.0;No;Si;No;No;2.0;4.0;3.0;3.0;2;10.0
255;M;15.0;4.0;S;Am@DeCasa;Salud;Otros;2.0;No;No;Si;No;1.0;5.0;1.0;15.0;4;9.0
256;M;15.0;4.0;N;Educacion;Servicios;Otros;11.0;No;Si;No;No;2.0;3.0;2.0;4.0;2;7.33
257;M;20.0;3.0;S;Salud;Otros;Papa;0.0;No;No;Si;No;1.0;3.0;5.0;1.0;2;7.67
258;M;17.0;4.0;N;Servicios;Salud;Papa;2.0;Si;Si;No;Si;5.0;3.0;4.0;12.0;2;9.0
259;F;13.0;1.0;S;Otros;Salud;Mama;1.0;No;No;Si;Si;5.0;3.0;1.0;16.0;5;14.33
260;F;19.0;2.0;S;Am@DeCasa;Educacion;Mama;1.0;No;No;No;Si;2.0;5.0;1.0;11.0;4;10.33
261;M;17.0;5.0;S;Otros;Am@DeCasa;Otros;11.0;Si;Si;Si;No;4.0;4.0;2.0;16.0;2;11.33
262;M;16.0;4.0;N;Salud;Am@DeCasa;Mama;5.0;Si;Si;No;Si;3.0;2.0;5.0;14.0;1;13.0
263;M;16.0;2.0;S;Servicios;Servicios;Mama;14.0;No;Si;Si;Si;4.0;4.0;3.0;17.0;4;8.67
264;F;19.0;4.0;S;Servicios;Salud;Otros;7.0;No;Si;Si;Si;4.0;3.0;3.0;12.0;3;7.67
265;M;20.0;5.0;S;Am@DeCasa;Otros;Otros;1.0;Si;Si;Si;No;4.0;1.0;3.0;14.0;1;10.0
266;M;15.0;1.0;N;Salud;Salud;Mama;0.0;No;No;Si;Si;1.0;5.0;1.0;4.0;4;14.67
267;M;17.0;4.0;N;Servicios;Servicios;Papa;14.0;Si;Si;No;Si;1.0;5.0;2.0;12.0;5;14.33
268;F;14.0;5.0;N;Am@DeCasa;Educacion;Mama;7.0;Si;No;Si;No;1.0;3.0;3.0;12.0;2;15.0
269;F;20.0;4.0;N;Salud;Salud;Otros;9.0;Si;Si;Si;Si;1.0;4.0;5.0;16.0;4;12.0
270;M;15.0;5.0;N;Servicios;Otros;Mama;3.0;No;No;Si;Si;1.0;1.0;3.0;3.0;2;14.33
271;F;15.0;4.0;S;Am@DeCasa;Otros;Mama;0.0;Si;Si;Si;No;2.0;1.0;3.0;9.0;3;14.67
272;M;14.0;5.0;S;Educacion;Educacion;Mama;12.0;No;Si;Si;Si;5.0;4.0;2.0;10.0;4;11.33
273;F;16.0;1.0;S;Servicios;Servicios;Papa;1.0;No;No;No;No;1.0;5.0;3.0;2.0;3;14.0
274;M;13.0;1.0;N;Educacion;Salud;Otros;3.0;Si;No;Si;Si;5.0;5.0;4.0;9.0;4;11.0
275;M;20.0;2.0;N;Am@DeCasa;Educacion;Mama;0.0;No;Si;No;Si;4.0;4.0;2.0;15.0;4;9.67
276;M;17.0;4.0;N;Salud;Am@DeCasa;Otros;2.0;Si;No;No;No;2.0;4.0;1.0;16.0;2;11.0
277;F;17.0;4.0;N;Educacion;Salud;Papa;6.0;Si;No;Si;No;5.0;2.0;1.0;13.0;2;15.67
278;F;13.0;5.0;S;Salud;Salud;Mama;0.0;No;Si;No;No;5.0;5.0;5.0;12.0;3;10.67
279;M;16.0;5.0;S;Am@DeCasa;Servicios;Otros;14.0;Si;Si;Si;No;1.0;3.0;3.0;5.0;3;11.33
280;M;14.0;5.0;N;Salud;Otros;Mama;0.0;Si;No;No;Si;3.0;3.0;4.0;12.0;3;6.67
281;M;17.0;5.0;S;Educacion;Educacion;Papa;7.0;Si;Si;Si;No;4.0;4.0;1.0;15.0;4;9.67
282;M;16.0;4.0;S;Educacion;Servicios;Otros;1.0;No;No;Si;No;1.0;5.0;2.0;11.0;3;11.33
283;M;20.0;4.0;N;Salud;Educacion;Otros;4.0;No;Si;Si;No;1.0;2.0;4.0;0.0;4;7.33
284;F;15.0;4.0;N;Otros;Educacion;Papa;0.0;Si;Si;Si;No;5.0;1.0;2.0;2.0;4;10.0
285;F;14.0;4.0;S;Salud;Educacion;Mama;11.0;No;No;No;Si;2.0;2.0;1.0;15.0;4;7.0
286;F;17.0;1.0;N;Educacion;Otros;Papa;5.0;No;No;Si;No;1.0;5.0;3.0;10.0;2;13.0
287;F;17.0;3.0;S;Am@DeCasa;Educacion;Otros;7.0;Si;No;No;No;4.0;3.0;4.0;12.0;4;12.33
288;M;19.0;1.0;N;Educacion;Am@DeCasa;Mama;0.0;No;Si;Si;No;3.0;3.0;3.0;15.0;3;9.67
289;M;14.0;5.0;S;Salud;Salud;Otros;5.0;Si;Si;Si;Si;3.0;4.0;5.0;5.0;4;12.33
290;M;13.0;5.0;S;Educacion;Servicios;Papa;0.0;Si;No;No;No;1.0;4.0;3.0;14.0;3;15.33
291;F;16.0;5.0;N;Otros;Educacion;Otros;2.0;No;Si;No;Si;1.0;1.0;4.0;11.0;2;10.33
292;F;16.0;1.0;N;Am@DeCasa;Otros;Papa;12.0;No;Si;Si;Si;3.0;5.0;5.0;2.0;2;10.67
293;F;20.0;1.0;S;Servicios;Educacion;Papa;1.0;No;No;No;Si;4.0;1.0;4.0;2.0;4;12.33
294;M;13.0;4.0;N;Educacion;Salud;Papa;0.0;Si;Si;Si;Si;1.0;2.0;4.0;8.0;2;12.33
295;M;18.0;3.0;S;Servicios;Servicios;Mama;10.0;No;No;Si;Si;2.0;3.0;4.0;1.0;2;11.67
296;M;19.0;5.0;S;Salud;Am@DeCasa;Papa;9.0;Si;Si;Si;Si;3.0;4.0;4.0;6.0;3;12.67
297;F;14.0;4.0;S;Salud;Salud;Otros;0.0;Si;Si;No;No;3.0;1.0;2.0;12.0;3;16.0
298;F;20.0;1.0;S;Educacion;Educacion;Mama;1.0;Si;Si;Si;Si;1.0;5.0;5.0;14.0;2;9.67
299;F;15.0;5.0;N;Servicios;Am@DeCasa;Mama;5.0;No;No;Si;Si;5.0;4.0;5.0;18.0;3;11.0
300;F;13.0;2.0;N;Salud;Otros;Otros;8.0;No;Si;Si;Si;2.0;1.0;3.0;5.0;3;11.33
301;F;19.0;5.0;N;Salud;Otros;Papa;4.0;Si;Si;No;Si;3.0;3.0;4.0;14.0;1;15.0
302;F;17.0;2.0;N;Am@DeCasa;Salud;Papa;3.0;No;No;Si;No;5.0;5.0;4.0;11.0;2;10.33
303;F;20.0;4.0;N;Am@DeCasa;Servicios;Papa;5.0;Si;No;No;No;4.0;4.0;3.0;1.0;3;11.0
304;F;17.0;4.0;S;Salud;Am@DeCasa;Otros;11.0;No;Si;Si;No;2.0;2.0;5.0;3.0;1;13.33
305;F;13.0;1.0;S;Am@DeCasa;Educacion;Mama;13.0;No;No;Si;Si;1.0;1.0;2.0;11.0;2;12.0
306;F;15.0;1.0;S;Educacion;Servicios;Papa;4.0;No;No;Si;No;5.0;2.0;5.0;12.0;2;8.33
307;F;19.0;5.0;S;Servicios;Otros;Mama;10.0;Si;Si;No;No;4.0;3.0;3.0;8.0;3;15.67
308;M;16.0;2.0;S;Otros;Servicios;Mama;8.0;Si;Si;Si;No;4.0;4.0;5.0;11.0;2;12.0
309;M;18.0;3.0;S;Servicios;Educacion;Mama;0.0;No;Si;No;Si;4.0;3.0;5.0;16.0;4;11.0
310;M;20.0;3.0;S;Educacion;Educacion;Papa;14.0;No;Si;Si;No;1.0;4.0;3.0;12.0;4;12.0
311;M;16.0;4.0;S;Servicios;Servicios;Otros;12.0;No;No;No;No;3.0;1.0;2.0;8.0;2;9.0
312;F;14.0;4.0;N;Otros;Servicios;Papa;15.0;Si;No;Si;No;1.0;1.0;5.0;11.0;5;11.67
313;M;15.0;5.0;N;Educacion;Educacion;Otros;1.0;Si;Si;No;Si;4.0;3.0;4.0;2.0;4;16.0
314;M;15.0;3.0;N;Educacion;Salud;Otros;15.0;No;Si;Si;Si;4.0;1.0;3.0;8.0;3;13.0
315;M;15.0;1.0;S;Otros;Servicios;Otros;7.0;No;No;Si;No;3.0;2.0;4.0;20.0;4;17.0
316;M;13.0;2.0;S;Educacion;Otros;Papa;0.0;Si;No;No;No;4.0;4.0;4.0;14.0;4;14.33
317;M;20.0;2.0;N;Otros;Educacion;Papa;8.0;Si;Si;Si;Si;2.0;2.0;1.0;7.0;3;15.67
318;M;19.0;5.0;S;Otros;Am@DeCasa;Papa;2.0;Si;No;No;No;1.0;2.0;4.0;8.0;1;12.0
319;M;19.0;4.0;N;Salud;Educacion;Mama;1.0;No;Si;No;No;2.0;3.0;2.0;10.0;3;10.33
320;F;17.0;1.0;S;Servicios;Otros;Papa;0.0;Si;No;Si;Si;3.0;5.0;5.0;3.0;4;11.67
321;F;18.0;4.0;N;Servicios;Am@DeCasa;Papa;9.0;Si;Si;Si;No;4.0;1.0;3.0;13.0;4;13.0
322;F;13.0;5.0;S;Am@DeCasa;Am@DeCasa;Papa;1.0;Si;No;No;No;3.0;3.0;2.0;5.0;3;14.33
323;F;13.0;2.0;S;Educacion;Servicios;Otros;2.0;Si;Si;Si;No;3.0;1.0;3.0;0.0;4;9.0
324;M;16.0;5.0;N;Am@DeCasa;Servicios;Otros;5.0;Si;Si;No;No;1.0;4.0;1.0;11.0;2;10.0
325;F;20.0;5.0;N;Educacion;Am@DeCasa;Otros;8.0;No;Si;No;No;5.0;2.0;4.0;2.0;3;10.33
326;M;16.0;4.0;N;Servicios;Otros;Papa;3.0;Si;Si;No;Si;1.0;4.0;2.0;13.0;4;10.67
327;F;18.0;4.0;S;Servicios;Otros;Papa;0.0;No;Si;No;Si;3.0;4.0;4.0;7.0;4;13.0
328;M;14.0;5.0;N;Otros;Servicios;Otros;12.0;No;No;No;Si;1.0;5.0;2.0;1.0;2;17.33
329;F;19.0;1.0;S;Servicios;Salud;Otros;0.0;Si;No;Si;No;2.0;1.0;2.0;13.0;4;12.67
330;M;20.0;2.0;N;Am@DeCasa;Am@DeCasa;Mama;5.0;Si;Si;Si;Si;2.0;1.0;1.0;4.0;4;12.67
331;F;14.0;5.0;S;Educacion;Salud;Mama;0.0;Si;No;No;No;5.0;2.0;4.0;10.0;2;13.0
332;F;19.0;4.0;N;Salud;Salud;Mama;2.0;No;No;Si;No;4.0;4.0;2.0;18.0;2;12.0
333;M;16.0;5.0;N;Otros;Servicios;Mama;1.0;Si;Si;No;No;1.0;1.0;4.0;2.0;3;18.0
334;F;16.0;5.0;N;Otros;Am@DeCasa;Otros;2.0;Si;Si;No;Si;3.0;4.0;4.0;6.0;3;13.33
335;M;16.0;1.0;S;Servicios;Am@DeCasa;Papa;0.0;No;Si;Si;Si;2.0;3.0;5.0;20.0;4;14.67
336;M;15.0;4.0;N;Am@DeCasa;Salud;Otros;7.0;Si;Si;No;No;2.0;1.0;4.0;3.0;5;17.0
337;M;16.0;5.0;N;Salud;Otros;Otros;14.0;Si;Si;Si;No;5.0;4.0;2.0;16.0;4;15.67
338;F;20.0;3.0;S;Salud;Otros;Mama;11.0;No;No;Si;No;1.0;5.0;3.0;16.0;4;17.67
339;F;20.0;1.0;S;Salud;Servicios;Papa;0.0;Si;Si;No;No;3.0;4.0;2.0;16.0;4;18.67
340;F;15.0;1.0;S;Am@DeCasa;Servicios;Otros;0.0;No;Si;No;Si;4.0;1.0;2.0;20.0;4;14.67
341;M;16.0;4.0;S;Servicios;Educacion;Papa;12.0;No;Si;No;No;4.0;2.0;2.0;5.0;4;14.67
342;M;17.0;2.0;N;Servicios;Salud;Mama;5.0;No;Si;No;No;3.0;2.0;4.0;17.0;4;13.33
343;M;16.0;4.0;N;Am@DeCasa;Educacion;Mama;5.0;Si;Si;Si;No;1.0;4.0;4.0;3.0;5;13.67
344;M;20.0;4.0;S;Salud;Am@DeCasa;Papa;11.0;Si;Si;Si;No;3.0;2.0;5.0;6.0;3;16.67
345;F;15.0;3.0;S;Servicios;Am@DeCasa;Otros;8.0;Si;Si;No;No;5.0;3.0;1.0;5.0;2;17.67
346;M;16.0;5.0;S;Otros;Am@DeCasa;Papa;4.0;Si;Si;No;Si;1.0;1.0;5.0;9.0;4;14.67
347;F;17.0;4.0;S;Salud;Otros;Otros;1.0;Si;No;Si;Si;1.0;2.0;3.0;4.0;5;12.67
348;M;19.0;4.0;N;Otros;Am@DeCasa;Papa;1.0;Si;Si;No;Si;3.0;1.0;4.0;14.0;2;7.33
349;M;18.0;4.0;S;Am@DeCasa;Servicios;Otros;15.0;No;No;No;Si;4.0;5.0;2.0;17.0;3;16.0
350;F;14.0;5.0;S;Otros;Educacion;Otros;0.0;Si;Si;No;No;5.0;2.0;3.0;15.0;2;18.0
351;F;17.0;1.0;S;Otros;Otros;Papa;10.0;Si;Si;No;No;1.0;5.0;5.0;1.0;3;10.0
352;F;17.0;5.0;N;Servicios;Servicios;Mama;14.0;Si;Si;No;Si;1.0;1.0;2.0;13.0;3;14.67
353;F;18.0;1.0;S;Otros;Salud;Papa;3.0;No;Si;No;No;4.0;5.0;4.0;2.0;3;10.33
354;M;20.0;5.0;N;Am@DeCasa;Salud;Otros;15.0;Si;Si;No;No;5.0;3.0;3.0;19.0;2;10.33
355;F;17.0;5.0;S;Am@DeCasa;Otros;Otros;1.0;No;Si;No;No;3.0;2.0;1.0;20.0;5;13.0
356;F;15.0;5.0;N;Servicios;Educacion;Mama;1.0;No;Si;Si;No;2.0;1.0;3.0;14.0;4;12.33
357;M;13.0;5.0;S;Educacion;Otros;Mama;12.0;Si;No;No;No;4.0;5.0;1.0;7.0;3;16.0
358;F;18.0;3.0;N;Educacion;Am@DeCasa;Papa;15.0;Si;No;No;Si;1.0;3.0;2.0;4.0;3;15.33
359;F;16.0;1.0;N;Servicios;Am@DeCasa;Otros;4.0;No;No;Si;No;2.0;3.0;3.0;18.0;3;13.0
360;F;18.0;1.0;S;Otros;Servicios;Mama;12.0;No;No;No;Si;4.0;3.0;1.0;1.0;2;15.67
361;M;19.0;4.0;N;Servicios;Salud;Mama;0.0;No;No;Si;No;2.0;2.0;2.0;16.0;2;12.33
362;F;14.0;1.0;S;Educacion;Otros;Otros;6.0;No;Si;No;Si;3.0;3.0;2.0;17.0;5;10.33
363;F;16.0;4.0;N;Am@DeCasa;Salud;Papa;0.0;Si;No;No;No;2.0;5.0;2.0;7.0;4;12.0
364;M;13.0;3.0;S;Am@DeCasa;Am@DeCasa;Papa;14.0;No;No;No;No;4.0;2.0;1.0;11.0;2;12.33
365;F;18.0;5.0;N;Salud;Servicios;Otros;9.0;No;No;No;No;1.0;4.0;5.0;8.0;3;15.33
366;F;19.0;4.0;S;Salud;Servicios;Papa;4.0;Si;Si;No;Si;3.0;2.0;2.0;0.0;2;15.33
367;F;16.0;5.0;S;Salud;Am@DeCasa;Papa;15.0;No;Si;No;No;2.0;4.0;2.0;17.0;4;12.33
368;F;17.0;3.0;N;Salud;Am@DeCasa;Papa;5.0;Si;No;No;No;2.0;5.0;4.0;3.0;1;12.33
369;M;18.0;5.0;S;Am@DeCasa;Am@DeCasa;Papa;3.0;Si;No;Si;Si;4.0;2.0;1.0;9.0;5;9.33
370;F;13.0;5.0;S;Servicios;Salud;Otros;0.0;Si;Si;Si;No;5.0;3.0;2.0;4.0;3;10.33
371;M;16.0;5.0;S;Otros;Am@DeCasa;Mama;1.0;No;No;Si;No;4.0;1.0;3.0;10.0;3;8.33
372;F;13.0;5.0;N;Educacion;Otros;Papa;1.0;Si;No;No;Si;5.0;2.0;5.0;6.0;4;10.0
373;M;18.0;4.0;S;Salud;Am@DeCasa;Papa;1.0;No;No;Si;Si;2.0;3.0;2.0;18.0;2;13.33
374;F;15.0;5.0;S;Am@DeCasa;Am@DeCasa;Papa;13.0;Si;No;No;No;4.0;1.0;5.0;15.0;3;10.67
375;M;16.0;4.0;S;Servicios;Salud;Otros;6.0;No;No;No;Si;1.0;3.0;4.0;17.0;5;17.33
376;M;16.0;2.0;N;Servicios;Servicios;Mama;2.0;No;No;No;Si;2.0;4.0;3.0;8.0;1;14.33
377;M;13.0;1.0;S;Am@DeCasa;Salud;Mama;3.0;No;Si;No;No;3.0;2.0;4.0;10.0;1;14.0
378;F;13.0;2.0;N;Salud;Otros;Mama;14.0;No;Si;Si;Si;5.0;4.0;1.0;11.0;4;13.33
379;F;19.0;4.0;S;Am@DeCasa;Salud;Otros;7.0;Si;No;Si;Si;5.0;1.0;2.0;5.0;5;17.33
380;F;19.0;2.0;N;Servicios;Salud;Mama;15.0;Si;No;Si;Si;1.0;4.0;2.0;13.0;3;10.33
381;F;20.0;5.0;N;Salud;Educacion;Mama;4.0;No;Si;Si;No;3.0;3.0;3.0;19.0;4;12.67
382;M;19.0;5.0;S;Am@DeCasa;Servicios;Papa;9.0;Si;Si;Si;No;5.0;1.0;2.0;13.0;4;14.67
383;F;19.0;5.0;S;Educacion;Educacion;Papa;0.0;No;No;Si;No;4.0;2.0;2.0;9.0;4;11.33
384;M;20.0;4.0;N;Educacion;Servicios;Otros;10.0;Si;No;Si;No;3.0;1.0;1.0;4.0;2;11.33
385;M;16.0;1.0;S;Salud;Am@DeCasa;Otros;14.0;Si;No;Si;Si;2.0;3.0;4.0;14.0;3;10.33
386;F;13.0;3.0;N;Am@DeCasa;Am@DeCasa;Mama;5.0;Si;Si;No;No;1.0;1.0;4.0;3.0;3;9.67
387;M;17.0;3.0;S;Otros;Servicios;Otros;5.0;No;No;Si;No;5.0;3.0;5.0;13.0;3;15.0
388;F;16.0;5.0;S;Otros;Educacion;Papa;4.0;Si;Si;No;Si;2.0;3.0;2.0;12.0;2;14.67
389;M;20.0;2.0;S;Otros;Servicios;Mama;5.0;Si;Si;No;No;1.0;4.0;4.0;10.0;4;11.0
390;F;19.0;1.0;S;Educacion;Am@DeCasa;Mama;12.0;Si;No;Si;No;1.0;5.0;5.0;8.0;3;10.33
391;M;17.0;1.0;N;Otros;Salud;Papa;1.0;No;No;No;No;3.0;1.0;5.0;3.0;2;13.67
392;M;13.0;4.0;N;Am@DeCasa;Servicios;Otros;0.0;Si;Si;Si;Si;2.0;2.0;3.0;16.0;3;12.67
393;F;16.0;2.0;N;Salud;Servicios;Mama;5.0;Si;Si;No;No;1.0;2.0;4.0;11.0;1;13.33
394;M;14.0;1.0;S;Am@DeCasa;Educacion;Mama;4.0;Si;No;No;No;5.0;4.0;2.0;7.0;3;14.33
395;M;18.0;3.0;N;Am@DeCasa;Servicios;Mama;12.0;No;No;No;Si;5.0;4.0;1.0;18.0;1;14.67
396;F;17.0;3.0;N;Otros;Otros;Papa;4.0;No;No;Si;No;4.0;1.0;5.0;13.0;3;12.33
397;M;20.0;4.0;S;Otros;Otros;Papa;1.0;Si;No;No;No;3.0;1.0;4.0;19.0;2;16.33
398;F;13.0;1.0;S;Salud;Am@DeCasa;Otros;9.0;No;No;Si;No;1.0;1.0;5.0;1.0;4;12.0
399;M;13.0;5.0;S;Salud;Salud;Mama;15.0;Si;No;No;No;5.0;5.0;3.0;11.0;2;12.33
400;M;17.0;3.0;N;Servicios;Otros;Papa;8.0;No;Si;Si;No;5.0;1.0;4.0;2.0;5;15.67
401;F;18.0;1.0;N;Am@DeCasa;Servicios;Otros;12.0;Si;No;No;Si;5.0;2.0;1.0;1.0;4;15.33
402;F;17.0;5.0;N;Educacion;Educacion;Otros;2.0;Si;Si;No;Si;2.0;1.0;5.0;14.0;2;13.67
403;M;15.0;5.0;N;Servicios;Salud;Mama;1.0;No;No;Si;Si;4.0;5.0;3.0;4.0;3;12.0
404;F;15.0;4.0;S;Salud;Salud;Otros;9.0;Si;No;No;No;3.0;4.0;4.0;0.0;5;14.0
405;M;17.0;5.0;S;Educacion;Servicios;Mama;6.0;No;Si;Si;No;5.0;3.0;3.0;0.0;3;14.67
406;F;16.0;2.0;N;Otros;Am@DeCasa;Otros;3.0;No;Si;Si;Si;5.0;5.0;3.0;5.0;4;10.67
407;F;20.0;3.0;S;Salud;Salud;Mama;13.0;No;Si;No;Si;4.0;4.0;2.0;5.0;4;12.0
408;F;20.0;4.0;S;Am@DeCasa;Am@DeCasa;Mama;11.0;Si;Si;Si;No;2.0;4.0;1.0;7.0;2;11.0
409;M;14.0;5.0;S;Servicios;Otros;Papa;8.0;Si;Si;No;No;5.0;3.0;4.0;9.0;2;10.67
410;M;17.0;4.0;S;Am@DeCasa;Salud;Mama;11.0;No;No;Si;Si;4.0;4.0;1.0;5.0;2;14.0
411;F;17.0;3.0;S;Otros;Am@DeCasa;Otros;10.0;No;No;Si;Si;4.0;4.0;4.0;16.0;3;15.67
412;F;15.0;3.0;S;Salud;Salud;Papa;3.0;No;No;Si;Si;2.0;2.0;4.0;20.0;2;14.0
413;M;18.0;4.0;N;Am@DeCasa;Am@DeCasa;Mama;0.0;No;No;No;Si;4.0;1.0;1.0;17.0;4;16.0
414;M;16.0;5.0;N;Salud;Salud;Papa;8.0;No;No;No;Si;3.0;5.0;3.0;9.0;3;9.67
415;M;20.0;2.0;S;Educacion;Servicios;Papa;5.0;No;Si;No;No;1.0;2.0;2.0;1.0;3;13.67
416;F;20.0;4.0;S;Salud;Servicios;Papa;7.0;No;Si;Si;Si;2.0;3.0;5.0;15.0;2;10.0
417;M;17.0;4.0;N;Servicios;Otros;Otros;11.0;Si;No;Si;Si;5.0;2.0;1.0;8.0;3;17.33
418;M;20.0;4.0;S;Am@DeCasa;Am@DeCasa;Mama;0.0;Si;No;No;No;5.0;5.0;5.0;14.0;4;16.0
419;F;17.0;1.0;N;Otros;Am@DeCasa;Papa;1.0;No;No;No;Si;5.0;2.0;1.0;10.0;4;13.67
420;M;16.0;2.0;N;Otros;Am@DeCasa;Mama;2.0;No;Si;No;No;1.0;2.0;5.0;17.0;4;9.67
421;M;17.0;2.0;N;Am@DeCasa;Otros;Otros;12.0;No;Si;Si;Si;3.0;2.0;1.0;4.0;4;16.0
422;M;18.0;3.0;N;Am@DeCasa;Servicios;Mama;5.0;No;No;No;No;3.0;2.0;3.0;6.0;4;9.33
423;F;15.0;5.0;N;Otros;Servicios;Papa;15.0;No;No;Si;No;4.0;2.0;2.0;12.0;4;12.0
424;M;20.0;2.0;N;Salud;Am@DeCasa;Otros;4.0;No;No;Si;No;1.0;4.0;2.0;17.0;4;10.67
425;M;18.0;1.0;N;Educacion;Salud;Papa;6.0;No;Si;No;No;2.0;3.0;1.0;0.0;2;12.0
426;F;16.0;2.0;S;Servicios;Salud;Otros;1.0;No;No;Si;No;3.0;2.0;1.0;13.0;3;10.0
427;M;13.0;1.0;S;Servicios;Otros;Papa;15.0;Si;No;Si;Si;4.0;2.0;4.0;5.0;2;10.33
428;M;18.0;3.0;S;Otros;Salud;Mama;14.0;No;Si;Si;No;3.0;3.0;2.0;18.0;2;16.67
429;F;18.0;5.0;S;Salud;Am@DeCasa;Otros;13.0;Si;Si;No;Si;1.0;3.0;3.0;18.0;3;7.67
430;M;14.0;1.0;S;Am@DeCasa;Educacion;Mama;8.0;No;No;Si;Si;3.0;1.0;2.0;2.0;5;10.67
431;M;16.0;1.0;N;Salud;Educacion;Papa;13.0;No;No;No;Si;3.0;3.0;1.0;16.0;3;10.67
432;M;14.0;5.0;N;Salud;Educacion;Otros;1.0;Si;No;Si;No;4.0;2.0;4.0;13.0;2;10.0
433;M;16.0;4.0;N;Am@DeCasa;Otros;Otros;7.0;No;No;No;Si;4.0;4.0;1.0;0.0;4;6.33
434;M;15.0;4.0;S;Am@DeCasa;Educacion;Otros;9.0;Si;Si;Si;Si;1.0;5.0;5.0;10.0;2;13.67
435;F;20.0;1.0;S;Servicios;Salud;Mama;11.0;No;No;No;No;3.0;4.0;1.0;11.0;2;10.0
436;M;17.0;1.0;S;Servicios;Servicios;Mama;6.0;No;No;Si;Si;3.0;5.0;3.0;16.0;3;10.0
437;M;15.0;1.0;N;Educacion;Educacion;Papa;3.0;No;Si;Si;No;1.0;3.0;4.0;7.0;4;7.0
438;M;16.0;2.0;N;Salud;Am@DeCasa;Mama;5.0;Si;No;Si;No;3.0;5.0;2.0;5.0;4;11.67
439;M;18.0;1.0;S;Otros;Servicios;Otros;15.0;Si;Si;No;No;5.0;4.0;3.0;4.0;2;11.0
440;M;14.0;4.0;S;Servicios;Educacion;Papa;0.0;Si;No;Si;Si;4.0;2.0;1.0;18.0;2;15.33
441;F;20.0;4.0;S;Educacion;Servicios;Papa;13.0;Si;No;Si;No;5.0;1.0;5.0;4.0;2;2.33
442;M;14.0;4.0;S;Salud;Am@DeCasa;Mama;5.0;Si;Si;No;Si;2.0;1.0;3.0;1.0;3;8.67
443;F;14.0;2.0;N;Salud;Am@DeCasa;Papa;13.0;Si;No;Si;No;1.0;1.0;1.0;16.0;2;13.0
444;M;13.0;4.0;N;Otros;Otros;Mama;3.0;No;Si;Si;No;2.0;1.0;3.0;4.0;2;8.0
445;M;16.0;5.0;N;Salud;Salud;Otros;2.0;No;Si;No;No;2.0;4.0;5.0;6.0;3;10.0
446;M;20.0;3.0;N;Otros;Salud;Papa;15.0;Si;No;No;Si;4.0;4.0;5.0;8.0;2;8.33
447;M;20.0;3.0;N;Servicios;Otros;Otros;4.0;Si;Si;No;Si;4.0;1.0;1.0;14.0;3;11.0
448;M;20.0;4.0;N;Servicios;Salud;Papa;0.0;No;Si;No;No;2.0;4.0;5.0;12.0;4;9.0
449;M;14.0;2.0;S;Salud;Educacion;Papa;15.0;No;Si;Si;No;4.0;4.0;4.0;19.0;2;16.33
450;M;13.0;2.0;N;Am@DeCasa;Servicios;Mama;2.0;No;No;Si;Si;1.0;4.0;2.0;1.0;5;12.33
451;F;18.0;4.0;N;Am@DeCasa;Salud;Papa;5.0;No;Si;No;No;3.0;3.0;1.0;9.0;4;15.0
452;M;16.0;4.0;S;Otros;Servicios;Papa;4.0;No;No;No;No;1.0;3.0;2.0;18.0;3;10.67
453;M;20.0;4.0;N;Salud;Am@DeCasa;Otros;1.0;Si;Si;No;No;1.0;5.0;3.0;15.0;1;10.0
454;F;14.0;5.0;S;Am@DeCasa;Am@DeCasa;Papa;15.0;Si;No;No;Si;3.0;5.0;1.0;18.0;3;8.67
455;F;20.0;4.0;S;Educacion;Otros;Mama;1.0;No;Si;No;Si;5.0;3.0;2.0;2.0;4;8.33
456;F;14.0;4.0;S;Salud;Salud;Otros;1.0;Si;Si;No;Si;1.0;4.0;2.0;18.0;4;9.33
457;F;13.0;2.0;N;Servicios;Otros;Papa;0.0;No;No;Si;Si;2.0;3.0;3.0;14.0;4;14.0
458;F;16.0;4.0;S;Otros;Servicios;Otros;7.0;No;Si;No;Si;3.0;2.0;4.0;10.0;3;10.67
459;F;20.0;1.0;N;Otros;Servicios;Papa;1.0;Si;Si;No;Si;4.0;4.0;5.0;8.0;4;12.0
460;F;17.0;4.0;N;Am@DeCasa;Am@DeCasa;Mama;11.0;No;No;No;No;4.0;5.0;5.0;4.0;2;9.67
461;F;13.0;1.0;N;Salud;Educacion;Otros;1.0;Si;No;No;Si;4.0;5.0;5.0;8.0;2;10.67
462;F;18.0;2.0;S;Servicios;Salud;Mama;1.0;Si;Si;Si;Si;5.0;4.0;4.0;14.0;3;13.0
463;F;16.0;5.0;N;Am@DeCasa;Am@DeCasa;Otros;1.0;No;No;Si;No;4.0;1.0;3.0;20.0;4;13.67
464;F;15.0;3.0;N;Educacion;Am@DeCasa;Papa;2.0;No;Si;Si;Si;5.0;5.0;4.0;4.0;4;12.33
465;M;20.0;5.0;N;Otros;Otros;Otros;5.0;Si;No;Si;No;5.0;5.0;4.0;18.0;4;11.0
466;F;16.0;5.0;N;Am@DeCasa;Educacion;Mama;7.0;Si;Si;Si;Si;2.0;3.0;5.0;2.0;3;8.33
467;M;13.0;2.0;S;Educacion;Am@DeCasa;Papa;5.0;Si;Si;Si;Si;3.0;3.0;3.0;2.0;2;10.0
468;M;18.0;3.0;S;Educacion;Servicios;Mama;12.0;Si;No;Si;Si;5.0;1.0;5.0;18.0;3;13.67
469;F;18.0;2.0;S;Educacion;Am@DeCasa;Mama;4.0;No;Si;No;Si;4.0;5.0;2.0;1.0;5;12.67
470;F;18.0;4.0;N;Otros;Salud;Papa;8.0;No;Si;No;No;3.0;3.0;3.0;3.0;3;12.67
471;F;18.0;4.0;N;Servicios;Servicios;Otros;5.0;No;Si;Si;Si;3.0;1.0;1.0;20.0;5;12.33
472;F;15.0;4.0;N;Otros;Servicios;Papa;3.0;No;No;Si;No;3.0;1.0;3.0;20.0;4;11.67
473;F;18.0;3.0;S;Educacion;Otros;Otros;15.0;No;No;Si;No;3.0;4.0;4.0;5.0;2;14.67
474;M;17.0;2.0;N;Am@DeCasa;Servicios;Otros;1.0;Si;No;Si;No;4.0;5.0;5.0;5.0;2;9.33
475;M;13.0;5.0;S;Salud;Am@DeCasa;Otros;7.0;No;Si;No;Si;1.0;4.0;1.0;4.0;2;10.67
476;M;18.0;5.0;N;Salud;Salud;Papa;2.0;No;Si;Si;Si;3.0;2.0;2.0;17.0;4;13.0
477;M;19.0;5.0;N;Am@DeCasa;Otros;Mama;4.0;No;No;No;Si;4.0;3.0;1.0;0.0;3;8.67
478;F;19.0;4.0;S;Salud;Salud;Otros;9.0;No;Si;No;No;5.0;1.0;4.0;4.0;3;11.0
479;F;14.0;3.0;S;Servicios;Otros;Mama;3.0;No;No;No;No;1.0;5.0;3.0;18.0;5;7.33
480;F;16.0;3.0;S;Salud;Am@DeCasa;Papa;14.0;Si;Si;No;Si;1.0;3.0;1.0;4.0;4;9.33
481;M;20.0;5.0;N;Am@DeCasa;Am@DeCasa;Papa;8.0;No;No;Si;No;5.0;4.0;5.0;1.0;4;9.33
482;M;13.0;5.0;S;Salud;Otros;Papa;1.0;Si;No;Si;Si;1.0;3.0;2.0;15.0;3;10.0
483;F;15.0;3.0;N;Educacion;Salud;Otros;11.0;No;Si;Si;Si;3.0;3.0;5.0;9.0;2;9.33
484;F;17.0;1.0;S;Servicios;Educacion;Papa;12.0;Si;Si;No;Si;3.0;2.0;5.0;5.0;3;10.0
485;F;20.0;4.0;S;Educacion;Otros;Papa;6.0;Si;Si;Si;No;5.0;3.0;3.0;11.0;3;7.33
486;F;14.0;5.0;S;Salud;Educacion;Papa;4.0;Si;Si;No;No;4.0;2.0;2.0;10.0;2;10.67
487;F;13.0;1.0;S;Educacion;Otros;Mama;10.0;Si;Si;Si;Si;5.0;4.0;4.0;6.0;2;9.67
488;F;20.0;2.0;S;Otros;Servicios;Otros;0.0;Si;No;No;Si;5.0;5.0;5.0;19.0;2;8.67
489;F;18.0;1.0;N;Servicios;Otros;Mama;7.0;Si;Si;Si;Si;5.0;4.0;4.0;18.0;3;8.33
490;F;14.0;1.0;N;Salud;Am@DeCasa;Mama;5.0;Si;No;No;Si;1.0;4.0;5.0;0.0;3;9.0
491;M;20.0;3.0;S;Educacion;Educacion;Mama;12.0;No;No;No;No;5.0;3.0;4.0;20.0;4;10.0
492;M;20.0;5.0;S;Servicios;Educacion;Mama;1.0;Si;No;No;Si;3.0;3.0;1.0;19.0;4;8.0
493;M;16.0;4.0;S;Servicios;Otros;Mama;14.0;Si;No;No;Si;2.0;2.0;2.0;12.0;3;9.33
494;M;14.0;4.0;S;Servicios;Educacion;Otros;4.0;No;No;No;Si;1.0;5.0;5.0;14.0;3;9.33
495;M;18.0;4.0;N;Servicios;Am@DeCasa;Mama;12.0;Si;No;No;No;3.0;5.0;5.0;15.0;4;8.67
496;M;14.0;5.0;S;Otros;Am@DeCasa;Otros;14.0;Si;Si;No;Si;2.0;5.0;5.0;20.0;2;13.33
497;F;18.0;2.0;S;Servicios;Educacion;Mama;14.0;Si;Si;Si;No;2.0;4.0;4.0;3.0;1;14.0
498;F;20.0;4.0;S;Salud;Salud;Mama;0.0;No;Si;Si;No;1.0;2.0;1.0;17.0;2;10.33
499;M;16.0;3.0;S;Educacion;Am@DeCasa;Otros;1.0;No;Si;No;No;5.0;2.0;1.0;14.0;4;13.67
500;F;14.0;2.0;N;Servicios;Educacion;Mama;0.0;No;No;Si;No;1.0;2.0;4.0;10.0;4;16.33
501;F;18.0;4.0;N;Am@DeCasa;Educacion;Ma ;3.0;Si;no;Si;no;4.0;3.0;4.0;150.0;1;6.67
502;F;17.0;4.0;S;Am@DeCasa;Otros;Papa;4.0;no;Si;Si;no;5.0;3.0;3.0;2.0;1;13.0
503;F;15.0;2.0;S;Am@DeCasa;Otros;Mama;2.0;Si;no;Si;no;4.0;3.0;2.0;6.0;2;9.0
504;F;15.0;5.0;S;Salud;Servicios;Mama;6.0;no;Si;Si;Si;3.0;2.0;2.0;0.0;1;14.0
505;F;16.0;5.0;S;Otros;Otros;Papa;5.0;no;Si;Si;no;4.0;3.0;2.0;0.0;1;12.67
506;M;16.0;3.0;S;Servicios;Otros;Mama;2.0;no;Si;Si;no;5.0;4.0;2.0;6.0;1;11.0
507;M;16.0;3.0;S;Otros;Otros;Mama;3.0;no;no;Si;no;4.0;4.0;4.0;0.0;1;10.0
508;F;17.0;5.0;N;Otros;Educacion;Mama;5.0;Si;Si;Si;no;4.0;1.0;4.0;2.0;1;10.67
509;M;15.0;2.0;N;Servicios;Otros;Mama;5.0;no;Si;Si;no;4.0;2.0;2.0;0.0;1;9.33
510;M;15.0;5.0;S;Otros;Otros;Mama;3.0;no;Si;Si;no;5.0;5.0;1.0;0.0;1;17.0
511;F;15.0;5.0;;Educacion;Salud;Mama;4.0;no;Si;Si;no;3.0;3.0;3.0;2.0;1;16.33
512;F;15.0;4.0;S;Servicios;Otros;Papa;9.0;;Si;Si;no;5.0;2.0;2.0;0.0;1;10.0
513;M;15.0;3.0;S;Salud;Servicios;Papa;0.0;no;Si;Si;no;4.0;3.0;3.0;0.0;2;7.0
514;M;15.0;4.0;S;Educacion;Otros;Mama;4.0;no;Si;Si;no;5.0;4.0;3.0;0.0;1;7.33
515;M;15.0;5.0;N;Otros;Otros;Otros;6.0;no;Si;Si;Si;4.0;5.0;2.0;0.0;1;6.67
516;F;16.0;5.0;S;Salud;Otros;Mama;0.0;no;Si;Si;no;4.0;4.0;4.0;6.0;1;9.0
517;F;16.0;4.0;S;Servicios;Servicios;Mama;5.0;no;Si;Si;no;3.0;2.0;3.0;10.0;1;15.33
518;F;16.0;5.0;S;Otros;Otros;Mama;4.0;Si;Si;Si;no;5.0;3.0;2.0;2.0;1;14.33
519;M;17.0;5.0;S;Servicios;Servicios;Mama;1.0;no;Si;Si;no;5.0;5.0;5.0;2.0;3;7.0
520;M;16.0;2.0;S;Salud;Otros;Papa;1.0;no;no;Si;no;3.0;1.0;3.0;6.0;2;5.0
521;M;15.0;5.0;S;Educacion;Otros;Mama;3.0;no;no;Si;no;4.0;4.0;1.0;0.0;1;7.33
522;M;15.0;4.0;S;Salud;Salud;Papa;0.0;no;Si;Si;no;5.0;4.0;2.0;0.0;;9.33
523;M;16.0;3.0;S;Educacion;Otros;Mama;2.0;no;no;Si;no;4.0;5.0;1.0;0.0;2;8.0
524;M;16.0;2.0;S;Otros;Otros;Mama;4.0;no;Si;Si;no;5.0;4.0;4.0;2.0;3;5.67
525;F;15.0;5.0;S;Servicios;Salud;Mama;7.0;Si;Si;Si;no;4.0;3.0;2.0;2.0;1;8.0
526;F;16.0;5.0;S;Servicios;Servicios;Mama;1.0;no;Si;Si;no;1.0;2.0;2.0;6.0;2;15.0
527;M;15.0;5.0;S;Otros;Otros;Mama;0.0;no;Si;Si;no;4.0;2.0;2.0;8.0;1;13.67
528;M;15.0;4.0;S;Salud;Servicios;Mama;0.0;no;no;Si;no;2.0;2.0;4.0;0.0;3;9.67
529;M;16.0;1.0;N;Servicios;Otros;Mama;3.0;Si;Si;Si;no;5.0;3.0;3.0;2.0;1;9.0
530;M;16.0;5.0;S;Educacion;Educacion;Mama;5.0;no;Si;Si;Si;4.0;4.0;5.0;4.0;5;11.0
531;M;15.0;5.0;S;Salud;Servicios;Mama;4.0;no;Si;Si;no;5.0;4.0;2.0;0.0;3;8.67
532;M;15.0;5.0;S;Servicios;Servicios;Mama;5.0;no;Si;Si;no;4.0;3.0;1.0;2.0;1;10.0
533;M;15.0;5.0;S;Educacion;Am@DeCasa;Mama;4.0;no;Si;Si;Si;4.0;5.0;2.0;0.0;1;8.0
534;M;15.0;3.0;S;Otros;Otros;Mama;4.0;no;no;Si;no;5.0;3.0;2.0;0.0;1;15.0
535;M;16.0;4.0;S;Otros;Otros;Mama;1.0;no;Si;Si;no;5.0;4.0;3.0;4.0;1;11.67
536;F;15.0;4.0;S;Otros;Otros;Papa;1.0;no;Si;Si;no;3.0;5.0;1.0;4.0;1;10.0
537;M;15.0;2.0;S;Educacion;Servicios;Mama;7.0;no;Si;Si;no;500.0;4.0;3.0;0.0;1;13.67
538;M;16.0;5.0;N;Otros;Educacion;Mama;6.0;no;s ;Si;Si;2.0;4.0;3.0;4.0;1;12.33
539;F;15.0;5.0;S;Servicios;Salud;Mama;8.0;Si;Si;Si;no;4.0;3.0;2.0;2.0;1;11.0
540;F;15.0;5.0;S;Am@DeCasa;Otros;Mama;0.0;Si;Si;Si;no;4.0;3.0;1.0;8.0;1;9.67
541;F;16.0;3.0;S;Otros;Otros;Mama;4.0;no;Si;Si;Si;3.0;3.0;3.0;16.0;1;10.33
542;M;15.0;2.0;S;Educacion;Otros;Otros;1.0;no;Si;Si;Si;5.0;4.0;3.0;8.0;3;10.33
543;M;15.0;5.0;S;Servicios;Educacion;Papa;3.0;no;Si;Si;no;4.0;3.0;3.0;0.0;1;11.0
544;M;15.0;5.0;S;Servicios;Servicios;Papa;0.0;Si;Si;Si;no;5.0;4.0;1.0;0.0;1;8.67
545;F;16.0;3.0;S;Otros;Am@DeCasa;Papa;2.0;Si;no;Si;no;4.0;3.0;3.0;14.0;2;11.67
546;F;15.0;1.0;N;Otros;Otros;Mama;2.0;Si;Si;Si;Si;5.0;2.0;2.0;4.0;1;8.33
547;F;16.0;2.0;N;Otros;Servicios;Ma;5.0;no;Si;Si;no;2.0;3.0;5.0;6.0;2;14.67
548;M;16.0;5.0;;Salud;Servicios;Mama;15.0;no;no;Si;no;4.0;2.0;2.0;2.0;1;10.67
549;M;15.0;5.0;S;Educacion;Otros;Mama;2.0;;Si;Si;no;4.0;3.0;3.0;4.0;2;10.67
550;F;15.0;5.0;S;Servicios;Educacion;Papa;3.0;Si;Si;Si;no;4.0;4.0;4.0;2.0;1;17.67
551;F;16.0;1.0;S;Servicios;Servicios;Mama;4.0;no;Si;Si;no;4.0;3.0;3.0;0.0;2;12.67
552;F;15.0;1.0;S;Salud;Otros;Mama;2.0;no;Si;Si;no;4.0;3.0;3.0;0.0;1;13.33
553;M;15.0;2.0;N;Salud;Salud;Papa;1.0;no;no;Si;no;5.0;5.0;5.0;4.0;3;9.33
554;F;15.0;4.0;S;Servicios;Servicios;Mama;1.0;Si;Si;Si;no;3.0;3.0;4.0;0.0;2;11.33
555;F;15.0;3.0;N;Otros;Otros;Mama;0.0;no;no;Si;no;5.0;3.0;4.0;0.0;4;10.33
556;F;16.0;4.0;N;Otros;Otros;Mama;5.0;no;no;Si;Si;5.0;3.0;4.0;2.0;1;13.33
557;F;15.0;5.0;N;Servicios;Servicios;Mama;2.0;no;Si;Si;no;4.0;3.0;2.0;0.0;1;10.0
558;M;15.0;5.0;S;Educacion;Salud;Mama;5.0;no;Si;Si;no;3.0;2.0;2.0;8.0;1;8.67
559;M;15.0;3.0;S;Otros;Am@DeCasa;Papa;5.0;Si;Si;Si;no;4.0;3.0;2.0;0.0;1;10.33
560;F;16.0;4.0;S;Servicios;Otros;Mama;3.0;no;Si;Si;no;4.0;2.0;3.0;2.0;1;12.33
561;F;16.0;4.0;S;Salud;Educacion;Mama;3.0;no;Si;Si;no;2.0;4.0;4.0;0.0;2;9.67
562;F;16.0;5.0;S;Servicios;Servicios;Papa;1.0;Si;Si;Si;Si;5.0;5.0;5.0;0.0;5;9.67
563;F;16.0;2.0;S;Otros;Servicios;Papa;5.0;Si;no;Si;no;4.0;4.0;3.0;0.0;1;12.0
564;F;16.0;5.0;S;Educacion;Salud;Mama;9.0;Si;Si;Si;no;3.0;4.0;4.0;0.0;3;2.33
565;F;15.0;2.0;S;Servicios;Servicios;Papa;5.0;Si;no;Si;Si;4.0;4.0;4.0;0.0;3;10.0
566;F;16.0;3.0;S;Educacion;Servicios;Mama;3.0;no;Si;Si;no;5.0;4.0;3.0;2.0;1;9.67
567;M;15.0;4.0;N;Otros;Servicios;Mama;11.0;no;Si;Si;Si;1.0;3.0;3.0;0.0;5;8.33
568;F;16.0;5.0;S;Servicios;Otros;Mama;13.0;Si;Si;Si;no;4.0;3.0;3.0;0.0;1;1.33
569;F;15.0;3.0;S;Salud;Servicios;Mama;3.0;Si;Si;Si;no;4.0;1.0;3.0;0.0;2;8.67
570;F;15.0;2.0;S;Otros;Otros;Papa;13.0;no;Si;Si;no;4.0;4.0;2.0;6.0;2;6.67
571;M;16.0;4.0;S;Otros;Otros;Papa;11.0;no;Si;Si;no;4.0;3.0;2.0;2.0;1;7.67
572;M;15.0;5.0;S;Otros;Otros;Mama;14.0;no;no;Si;no;3.0;3.0;3.0;0.0;1;8.67
573;F;15.0;4.0;S;Otros;Otros;Mama;3.0;Si;Si;Si;Si;3.0;3.0;4.0;2.0;3;5.67
574;M;16.0;4.0;S;Otros;Otros;Mama;0.0;no;no;Si;no;200.0;3.0;2.0;0.0;2;8.67
575;F;16.0;4.0;S;Otros;Servicios;Mama;5.0;Si;Si;Si;no;4.0;3.0;3.0;4.0;3;9.67
576;M;15.0;4.0;S;Educacion;Otros;Mama;3.0;no;Si;Si;no;4.0;3.0;3.0;150.0;2;10.33
577;M;15.0;4.0;S;Educacion;Otros;Mama;13.0;no;no;Si;no;3.0;4.0;3.0;0.0;1;10.0
578;F;16.0;4.0;S;Otros;Otros;Mama;15.0;no;n ;Si;Si;5.0;2.0;3.0;1.0;2;10.0
579;M;17.0;5.0;S;Otros;Otros;Mama;1.0;Si;Si;no;no;4.0;5.0;1.0;0.0;1;9.0
580;F;16.0;5.0;S;Am@DeCasa;Otros;Mama;3.0;no;Si;Si;no;2.0;4.0;3.0;14.0;1;9.33
581;M;15.0;5.0;S;Otros;Servicios;Papa;1.0;Si;Si;Si;Si;3.0;2.0;2.0;0.0;2;9.0
582;M;15.0;4.0;S;Otros;Otros;Mama;6.0;Si;no;Si;no;5.0;3.0;2.0;2.0;1;7.33
583;F;15.0;1.0;S;Servicios;Otros;Mama;4.0;no;Si;Si;no;4.0;4.0;4.0;4.0;1;7.0
584;M;15.0;3.0;S;Servicios;Servicios;Ma;2.0;no;no;Si;no;5.0;3.0;3.0;2.0;2;4.67
585;F;15.0;4.0;;Otros;Otros;Papa;3.0;no;Si;Si;no;4.0;3.0;2.0;2.0;2;10.67
586;F;15.0;5.0;S;Servicios;Servicios;Papa;5.0;;no;Si;Si;4.0;4.0;4.0;4.0;2;7.67
587;F;16.0;2.0;S;Am@DeCasa;Otros;Mama;4.0;no;Si;Si;no;4.0;3.0;4.0;6.0;1;5.33
588;F;15.0;4.0;S;Otros;Otros;Mama;6.0;no;Si;Si;no;5.0;3.0;3.0;4.0;2;7.0
589;M;16.0;4.0;S;Servicios;Otros;Papa;3.0;no;no;Si;no;4.0;4.0;2.0;6.0;1;9.0
590;M;16.0;2.0;N;Educacion;Salud;Mama;5.0;no;Si;Si;no;4.0;1.0;3.0;6.0;4;9.0
591;F;16.0;4.0;S;Otros;Otros;Mama;9.0;no;Si;Si;Si;4.0;3.0;3.0;2.0;2;7.33
592;F;15.0;4.0;S;Servicios;Otros;Mama;1.0;no;no;Si;no;4.0;5.0;5.0;6.0;2;13.0
593;F;16.0;1.0;S;Otros;Otros;Papa;2.0;Si;Si;Si;no;3.0;3.0;3.0;0.0;2;12.0
594;F;16.0;4.0;S;Educacion;Servicios;Mama;5.0;no;Si;Si;no;5.0;3.0;3.0;2.0;1;13.0
595;M;15.0;2.0;S;Servicios;Salud;Mama;14.0;no;Si;Si;no;4.0;3.0;4.0;2.0;1;18.0
596;F;15.0;5.0;S;Am@DeCasa;Otros;Mama;14.0;Si;Si;Si;no;3.0;1.0;2.0;4.0;1;17.0
597;M;16.0;4.0;S;Servicios;Otros;Mama;0.0;Si;Si;Si;no;3.0;3.0;3.0;6.0;1;17.67
598;F;16.0;5.0;S;Otros;Otros;Mama;3.0;no;Si;Si;Si;4.0;3.0;5.0;0.0;1;3.0
599;F;16.0;5.0;S;Otros;Otros;Mama;1.0;no;no;Si;no;5.0;3.0;4.0;4.0;1;10.67
600;F;16.0;5.0;S;Otros;Am@DeCasa;Mama;7.0;Si;Si;Si;no;5.0;3.0;5.0;2.0;1;13.0
601;M;16.0;4.0;S;Servicios;Servicios;Mama;1.0;Si;Si;Si;no;4.0;5.0;5.0;12.0;5;13.0
602;M;16.0;5.0;S;Servicios;Educacion;Papa;5.0;no;Si;Si;Si;4.0;4.0;3.0;0.0;1;8.67
603;M;15.0;5.0;S;Servicios;Otros;Mama;0.0;no;Si;Si;no;5.0;3.0;3.0;2.0;1;12.0
604;F;15.0;4.0;S;Servicios;Otros;Mama;5.0;Si;Si;Si;no;4.0;3.0;5.0;16.0;1;1.67
605;M;15.0;4.0;N;Servicios;Otros;Mama;3.0;no;Si;Si;no;5.0;4.0;4.0;0.0;1;9.67
606;F;15.0;5.0;N;Otros;Salud;Papa;14.0;Si;no;Si;no;4.0;3.0;3.0;10.0;1;1.67
607;F;15.0;4.0;S;Otros;Otros;Mama;12.0;Si;Si;Si;no;5.0;1.0;2.0;4.0;1;18.0
608;M;16.0;4.0;S;Servicios;Otros;Papa;7.0;no;Si;Si;no;5.0;3.0;3.0;4.0;1;11.33
609;M;15.0;4.0;S;Otros;Otros;Papa;15.0;no;Si;Si;Si;1.0;3.0;5.0;8.0;4;9.67
610;F;16.0;2.0;S;Salud;Salud;Mama;8.0;no;Si;Si;Si;5.0;4.0;5.0;2.0;1;11.33
611;M;15.0;3.0;N;Educacion;Educacion;Mama;0.0;no;no;Si;no;5.0;5.0;3.0;4.0;1;2.67
612;F;16.0;5.0;S;Servicios;Otros;Papa;9.0;Si;Si;Si;no;4.0;1.0;2.0;4.0;1;14.33
613;F;16.0;5.0;S;Am@DeCasa;Otros;Mama;2.0;Si;no;Si;no;3.0;1.0;2.0;12.0;1;10.67
614;M;15.0;2.0;S;Educacion;Otros;Mama;0.0;no;no;Si;no;3.0;5.0;2.0;10.0;1;10.0
615;M;15.0;4.0;S;Salud;Servicios;Mama;2.0;no;no;Si;Si;5.0;4.0;2.0;4.0;1;12.0
616;M;16.0;4.0;S;Educacion;Educacion;Papa;2.0;no;;Si;no;5.0;4.0;4.0;6.0;1;14.67
617;M;15.0;5.0;S;Otros;Educacion;Papa;2.0;no;Si;Si;no;4.0;4.0;3.0;4.0;1;13.67
618;M;16.0;5.0;S;Otros;Servicios;Papa;0.0;no;no;Si;no;5.0;4.0;2.0;6.0;1;18.0
619;M;17.0;4.0;S;Otros;Otros;Papa;4.0;no;Si;Si;no;5.0;2.0;4.0;14.0;2;15.33
620;M;15.0;4.0;S;Otros;Otros;Papa;0.0;no;no;Si;no;3.0;4.0;3.0;2.0;1;12.67
621;F;15.0;5.0;S;Am@DeCasa;Servicios;Mama;2.0;no;no;Si;no;3.0;2.0;3.0;0.0;1;14.67
622;M;15.0;5.0;;Servicios;Servicios;Papa;14.0;no;Si;Si;no;5.0;5.0;4.0;6.0;1;13.0
623;F;16.0;3.0;S;Otros;Salud;Papa;4.0;;Si;Si;Si;4.0;2.0;2.0;2.0;1;9.0
624;M;16.0;4.0;S;Salud;Otros;Mama;0.0;no;Si;Si;no;3.0;4.0;4.0;4.0;2;15.67
625;F;16.0;5.0;S;Otros;Otros;Mama;2.0;no;no;Si;Si;5.0;4.0;4.0;0.0;1;8.33
626;M;15.0;5.0;S;Servicios;Servicios;Papa;0.0;Si;no;Si;no;5.0;5.0;5.0;2.0;3;10.0
627;F;15.0;1.0;N;Otros;Otros;Mama;5.0;Si;no;Si;Si;5.0;3.0;2.0;0.0;1;4.0
628;F;19.0;5.0;S;Am@DeCasa;Otros;Otros;2.0;no;Si;no;no;3.0;4.0;2.0;0.0;1;9.67
629;M;16.0;5.0;S;Educacion;Educacion;Mama;0.0;no;no;Si;no;3.0;5.0;5.0;8.0;3;11.0
630;M;16.0;4.0;S;Otros;Otros;Mama;10.0;no;Si;Si;Si;3.0;2.0;3.0;4.0;2;8.0
631;F;15.0;5.0;S;Servicios;Educacion;Papa;6.0;no;Si;Si;Si;4.0;2.0;2.0;0.0;2;16.33
632;F;18.0;4.0;S;Servicios;Otros;Mama;4.0;no;Si;no;Si;5.0;4.0;5.0;10.0;2;11.0
633;F;17.0;1.0;N;Otros;Otros;Mama;1.0;no;Si;Si;no;3.0;2.0;2.0;8.0;1;8.0
634;F;15.0;4.0;S;Am@DeCasa;Otros;Mama;0.0;no;Si;Si;Si;4.0;3.0;3.0;6.0;1;13.67
635;F;17.0;1.0;S;Otros;Otros;Papa;0.0;no;Si;Si;Si;3.0;4.0;4.0;2.0;2;16.0
636;F;16.0;5.0;N;Servicios;Otros;Papa;0.0;no;no;Si;no;3.0;2.0;1.0;12.0;2;8.67
637;M;16.0;4.0;S;Am@DeCasa;Otros;Mama;0.0;no;no;Si;no;3.0;2.0;1.0;4.0;1;18.0
638;F;16.0;5.0;N;Otros;Otros;Mama;0.0;no;no;Si;no;5.0;3.0;4.0;12.0;1;4.67
639;M;15.0;4.0;S;Am@DeCasa;Educacion;Mama;2.0;no;Si;Si;Si;5.0;3.0;3.0;2.0;1;15.0
640;F;15.0;5.0;S;Servicios;Am@DeCasa;Mama;6.0;no;Si;Si;Si;4.0;3.0;3.0;4.0;1;4.33
641;M;17.0;4.0;S;Am@DeCasa;Otros;Mama;3.0;no;no;Si;no;5.0;4.0;5.0;2.0;3;4.67
642;F;16.0;5.0;S;Am@DeCasa;Otros;Mama;4.0;no;Si;Si;no;5.0;1.0;3.0;0.0;1;15.33
643;M;18.0;1.0;S;Servicios;Servicios;Mama;1.0;no;no;Si;Si;3.0;3.0;4.0;2.0;4;8.67
644;F;18.0;5.0;N;Otros;Servicios;Otros;10.0;no;Si;Si;Si;4.0;3.0;3.0;10.0;4;8.67
645;F;16.0;5.0;S;Otros;Servicios;Mama;0.0;no;Si;Si;Si;3.0;3.0;3.0;8.0;1;10.33
646;F;16.0;4.0;N;Otros;Otros;Otros;0.0;no;Si;Si;Si;4.0;3.0;2.0;4.0;1;15.33
647;M;16.0;1.0;S;Servicios;Otros;Mama;2.0;no;no;Si;Si;4.0;4.0;4.0;0.0;2;10.67
648;F;15.0;5.0;S;Educacion;Educacion;Mama;1.0;no;no;Si;no;4.0;3.0;2.0;6.0;1;10.0
649;F;15.0;5.0;S;Otros;Otros;Mama;0.0;no;no;Si;Si;5.0;5.0;5.0;2.0;1;10.67
650;M;15.0;5.0;S;Educacion;Servicios;Papa;13.0;Si;Si;Si;no;2.0;2.0;2.0;6.0;1;5.67
651;F;15.0;4.0;N;Servicios;Servicios;Mama;3.0;no;no;Si;Si;1.0;3.0;2.0;24.0;2;5.33
652;M;16.0;5.0;S;Servicios;Servicios;Mama;10.0;no;Si;Si;no;5.0;3.0;3.0;0.0;2;8.33
653;M;16.0;1.0;S;Servicios;Servicios;Papa;1.0;no;Si;Si;no;2.0;3.0;3.0;4.0;2;14.67
654;F;15.0;4.0;S;Educacion;Servicios;Mama;6.0;no;Si;Si;no;4.0;2.0;2.0;2.0;1;8.67
655;F;16.0;1.0;S;Am@DeCasa;Am@DeCasa;Mama;1.0;no;no;Si;no;3.0;4.0;4.0;4.0;3;15.0
656;M;17.0;4.0;S;Otros;Otros;Mama;0.0;no;Si;Si;no;5.0;4.0;5.0;22.0;1;11.67
657;F;15.0;5.0;S;Otros;Servicios;Papa;2.0;no;Si;Si;no;4.0;4.0;2.0;0.0;1;5.67
658;F;15.0;1.0;N;Am@DeCasa;Otros;Mama;1.0;no;Si;no;Si;4.0;4.0;2.0;0.0;1;17.67
659;F;15.0;4.0;;Salud;Servicios;Pa ;5.0;no;Si;Si;no;3.0;3.0;2.0;2.0;1;14.67
660;F;15.0;4.0;S;Am@DeCasa;Otros;Mama;5.0;;Si;Si;no;4.0;3.0;2.0;6.0;1;9.0
661;F;15.0;4.0;S;Am@DeCasa;Servicios;Papa;2.0;no;no;Si;Si;2.0;3.0;4.0;6.0;3;11.33
662;M;16.0;4.0;S;Educacion;Educacion;Mama;1.0;no;Si;no;Si;3.0;3.0;2.0;16.0;2;14.0
663;M;15.0;3.0;N;Servicios;Otros;Mama;1.0;no;no;Si;no;4.0;5.0;5.0;0.0;3;10.33
664;M;18.0;3.0;S;Otros;Otros;Mama;0.0;no;no;no;Si;2.0;3.0;5.0;0.0;3;15.33
665;M;16.0;2.0;S;Am@DeCasa;Otros;Mama;0.0;no;no;Si;Si;4.0;4.0;4.0;6.0;4;14.0
666;F;15.0;4.0;S;Servicios;Servicios;Otros;9.0;no;Si;Si;Si;4.0;2.0;1.0;2.0;2;13.67
667;M;19.0;4.0;S;Servicios;Am@DeCasa;Mama;1.0;no;Si;no;Si;4.0;5.0;4.0;6.0;1;9.33
668;F;17.0;5.0;S;Otros;Educacion;Mama;1.0;Si;Si;Si;Si;4.0;2.0;1.0;0.0;1;5.33
669;M;15.0;5.0;S;Am@DeCasa;Servicios;Mama;2.0;Si;no;Si;no;4.0;4.0;4.0;0.0;1;9.33
670;M;17.0;1.0;S;Otros;Otros;Mama;1.0;no;no;Si;no;2.0;2.0;2.0;14.0;;14.0
671;F;18.0;4.0;S;Am@DeCasa;Otros;Mama;0.0;no;Si;Si;no;5.0;2.0;5.0;6.0;2;14.0
672;M;16.0;5.0;S;Am@DeCasa;Otros;Mama;0.0;no;no;Si;no;4.0;2.0;2.0;4.0;1;15.33
673;M;16.0;4.0;S;Otros;Servicios;Papa;3.0;no;Si;Si;Si;4.0;5.0;5.0;0.0;4;12.67
674;M;16.0;2.0;S;Salud;Servicios;Mama;1.0;no;no;Si;no;4.0;4.0;5.0;0.0;4;9.0
675;M;17.0;2.0;S;Am@DeCasa;Otros;Mama;0.0;no;no;no;Si;3.0;3.0;2.0;8.0;2;7.67
676;M;17.0;4.0;S;Otros;Otros;Mama;2.0;Si;Si;Si;Si;4.0;4.0;4.0;4.0;2;11.67
677;M;15.0;3.0;S;Otros;Otros;Mama;1.0;no;no;Si;no;4.0;4.0;4.0;2.0;3;15.33
678;M;16.0;4.0;S;Am@DeCasa;Servicios;Papa;1.0;no;no;no;no;5.0;3.0;3.0;2.0;2;11.0
679;M;17.0;3.0;S;Otros;Servicios;Mama;4.0;no;no;no;Si;5.0;3.0;5.0;0.0;2;11.0
680;M;17.0;5.0;S;Servicios;Servicios;Mama;0.0;no;Si;no;no;4.0;5.0;2.0;10.0;1;10.67
681;M;16.0;5.0;S;Otros;Otros;Papa;4.0;no;no;no;no;4.0;3.0;5.0;0.0;3;16.67
682;F;16.0;5.0;S;Salud;Servicios;Papa;2.0;no;no;Si;Si;4.0;2.0;3.0;0.0;1;16.33
683;F;16.0;4.0;S;Otros;Otros;Mama;4.0;no;Si;Si;no;5.0;1.0;5.0;0.0;1;10.0
684;F;16.0;5.0;S;Salud;Salud;Mama;2.0;no;Si;Si;Si;4.0;4.0;2.0;0.0;1;13.67
685;M;16.0;5.0;S;Otros;Otros;Papa;1.0;no;Si;Si;no;-3.0;4.0;5.0;4.0;3;7.0
686;M;16.0;5.0;S;Otros;Otros;Mama;4.0;no;Si;Si;Si;4.0;3.0;2.0;0.0;1;16.33
687;M;17.0;3.0;S;Educacion;Otros;Mama;2.0;no;Si;Si;no;4.0;4.0;4.0;0.0;2;15.33
688;F;16.0;5.0;S;Am@DeCasa;Servicios;Mama;4.0;no;no;Si;Si;4.0;3.0;5.0;0.0;1;11.67
689;F;16.0;2.0;S;Otros;Otros;Mama;4.0;no;Si;Si;no;4.0;4.0;5.0;0.0;1;13.33
690;M;17.0;2.0;S;Educacion;Otros;Mama;3.0;no;n ;Si;no;4.0;4.0;4.0;0.0;4;9.33
691;F;16.0;4.0;S;Servicios;Otros;Mama;3.0;no;no;Si;no;3.0;4.0;4.0;0.0;2;12.0
692;M;17.0;5.0;S;Otros;Otros;Papa;2.0;no;no;Si;no;4.0;3.0;4.0;4.0;2;18.33
693;M;16.0;4.0;S;Educacion;Servicios;Mama;1.0;no;Si;Si;Si;4.0;3.0;3.0;8.0;3;9.0
694;M;17.0;4.0;S;Otros;Otros;Mama;5.0;no;Si;Si;Si;5.0;2.0;3.0;4.0;1;9.67
695;M;16.0;5.0;S;Educacion;Otros;Mama;5.0;no;Si;Si;no;3.0;4.0;3.0;4.0;2;7.33
696;M;16.0;5.0;;Servicios;Otros;Mama;4.0;no;no;Si;Si;4.0;2.0;3.0;0.0;1;11.33
697;F;17.0;5.0;S;Servicios;Servicios;P;3.0;;Si;Si;no;5.0;4.0;2.0;0.0;2;19.33
698;F;17.0;2.0;S;Otros;Otros;Mama;4.0;no;Si;Si;Si;5.0;3.0;3.0;32.0;2;14.67
699;F;16.0;4.0;S;Otros;Otros;Mama;3.0;no;Si;Si;no;1.0;2.0;2.0;8.0;1;7.0
700;M;17.0;4.0;S;Servicios;Servicios;Mama;3.0;no;Si;Si;Si;4.0;3.0;4.0;6.0;2;12.67
701;M;16.0;4.0;S;Servicios;Servicios;Mama;1.0;no;Si;Si;Si;3.0;3.0;3.0;0.0;1;12.33
702;M;16.0;1.0;S;Otros;Otros;Mama;3.0;no;no;Si;Si;4.0;2.0;3.0;0.0;1;10.67
703;F;17.0;5.0;N;Salud;Otros;Mama;2.0;no;Si;Si;Si;3.0;3.0;3.0;10.0;2;9.67
704;M;17.0;5.0;S;Am@DeCasa;Otros;Mama;4.0;no;no;Si;no;3.0;1.0;3.0;6.0;2;12.0
705;F;16.0;4.0;S;Servicios;Servicios;Mama;5.0;no;no;Si;no;4.0;3.0;3.0;6.0;1;9.0
706;F;17.0;5.0;S;Am@DeCasa;Servicios;Mama;5.0;no;no;Si;no;5.0;3.0;3.0;0.0;;14.67
707;M;17.0;4.0;S;Am@DeCasa;Servicios;Otros;3.0;no;no;Si;no;4.0;4.0;4.0;16.0;;14.67
708;M;16.0;5.0;S;Servicios;Servicios;Mama;0.0;no;Si;Si;no;4.0;3.0;2.0;0.0;3;9.33
709;M;16.0;5.0;S;Otros;Otros;Papa;1.0;no;no;Si;no;5.0;3.0;3.0;0.0;1;15.67
710;F;17.0;2.0;S;Servicios;Servicios;Papa;3.0;no;no;Si;Si;4.0;3.0;2.0;8.0;1;10.67
711;M;17.0;5.0;S;Servicios;Educacion;Mama;0.0;no;no;Si;no;5.0;2.0;3.0;4.0;1;9.67
712;M;16.0;1.0;S;Educacion;Otros;Papa;1.0;no;Si;Si;no;3.0;3.0;4.0;16.0;4;9.0
713;F;17.0;5.0;S;Servicios;Educacion;Mama;1.0;no;Si;Si;no;4.0;2.0;4.0;30.0;2;9.33
714;F;16.0;3.0;S;Educacion;Educacion;Mama;4.0;no;Si;Si;no;4.0;5.0;2.0;0.0;1;10.0
715;F;16.0;4.0;S;Salud;Otros;Mama;5.0;no;Si;Si;no;4.0;3.0;5.0;2.0;2;15.33
716;F;16.0;4.0;S;Otros;Otros;Mama;3.0;Si;Si;Si;no;4.0;4.0;3.0;4.0;2;12.67
717;F;17.0;4.0;S;Otros;Otros;Mama;3.0;no;Si;Si;no;4.0;4.0;4.0;0.0;2;6.67
718;F;17.0;5.0;S;Otros;Otros;Mama;0.0;no;Si;Si;no;5.0;3.0;2.0;21.0;1;8.33
719;F;16.0;4.0;S;Servicios;Servicios;Mama;11.0;no;Si;Si;no;5.0;3.0;5.0;6.0;1;16.0
720;F;17.0;5.0;S;Am@DeCasa;Servicios;Mama;5.0;no;Si;Si;Si;4.0;4.0;3.0;14.0;3;14.33
721;F;16.0;5.0;N;Servicios;Otros;Mama;2.0;no;Si;Si;no;2.0;3.0;3.0;2.0;2;10.0
722;F;16.0;5.0;S;Educacion;Otros;Mama;5.0;no;no;Si;Si;1.0;3.0;2.0;4.0;1;6.33
723;F;16.0;4.0;S;Am@DeCasa;Otros;Mama;1.0;no;Si;Si;no;4.0;3.0;2.0;2.0;2;12.67
724;F;17.0;4.0;S;Educacion;Otros;Mama;9.0;no;Si;Si;Si;4.0;4.0;2.0;0.0;1;11.33
725;F;19.0;5.0;S;Otros;Otros;Otros;11.0;no;Si;Si;no;4.0;3.0;3.0;4.0;1;9.33
726;M;17.0;1.0;S;Servicios;Otros;Mama;5.0;no;Si;Si;Si;5.0;3.0;5.0;15.0;4;10.67
727;F;16.0;4.0;N;Otros;Otros;Mama;3.0;Si;s ;Si;no;3.0;3.0;4.0;0.0;1;11.0
728;M;18.0;5.0;S;Servicios;Otros;Mama;5.0;no;Si;Si;no;4.0;4.0;4.0;10.0;3;8.67
729;F;17.0;2.0;S;Servicios;Otros;Mama;1.0;no;Si;Si;no;5.0;2.0;1.0;6.0;1;5.0
730;F;17.0;3.0;S;Otros;Otros;Mama;5.0;no;no;Si;no;4.0;4.0;4.0;2.0;2;11.33
731;F;17.0;4.0;S;Otros;Otros;Mama;2.0;no;no;Si;Si;3.0;4.0;5.0;16.0;3;10.67
732;M;18.0;2.0;S;Servicios;Salud;Papa;5.0;no;Si;Si;no;3.0;2.0;4.0;10.0;3;6.33
733;F;17.0;4.0;;Am@DeCasa;Otros;Papa;0.0;no;Si;Si;no;3.0;3.0;3.0;4.0;2;15.0
734;F;17.0;5.0;S;Am@DeCasa;Am@DeCasa;Mama;9.0;no;;Si;no;4.0;3.0;3.0;0.0;1;9.67
735;F;17.0;4.0;S;Am@DeCasa;Servicios;M;2.0;no;Si;Si;no;4.0;2.0;5.0;0.0;1;8.0
736;F;17.0;5.0;S;Am@DeCasa;Otros;Mama;6.0;no;Si;Si;Si;4.0;3.0;4.0;12.0;1;7.0
737;F;16.0;5.0;S;Servicios;Educacion;Mama;3.0;Si;no;Si;no;2.0;3.0;1.0;0.0;1;13.67
738;M;18.0;5.0;S;Otros;Otros;Mama;3.0;no;Si;Si;no;3.0;3.0;3.0;9.0;5;10.33
739;F;16.0;5.0;S;Educacion;Servicios;Mama;6.0;no;Si;Si;no;5.0;3.0;2.0;4.0;1;7.0
740;F;18.0;4.0;S;Otros;Otros;Mama;3.0;no;no;Si;Si;5.0;3.0;3.0;4.0;1;7.33
741;F;17.0;4.0;S;Otros;Otros;Mama;2.0;no;no;Si;no;5.0;3.0;4.0;2.0;2;17.0
742;M;17.0;1.0;S;Servicios;Servicios;Papa;2.0;no;Si;Si;no;5.0;3.0;3.0;0.0;2;6.33
743;M;18.0;2.0;S;Am@DeCasa;Otros;Mama;3.0;Si;Si;Si;Si;4.0;3.0;2.0;2.0;4;10.33
744;F;17.0;5.0;N;Otros;Otros;Mama;6.0;no;no;Si;Si;3.0;2.0;3.0;0.0;;12.67
745;F;17.0;3.0;S;Salud;Otros;Papa;4.0;no;no;Si;Si;3.0;2.0;3.0;0.0;1;9.0
746;M;17.0;4.0;S;Otros;Otros;Papa;3.0;no;Si;Si;no;4.0;5.0;2.0;0.0;1;13.67
747;M;17.0;5.0;S;Educacion;Educacion;Mama;2.0;Si;Si;Si;Si;4.0;5.0;5.0;0.0;2;9.0
747;M;17.0;5.0;S;Educacion;Educacion;Mama;2.0;Si;Si;Si;Si;4.0;5.0;5.0;0.0;2;9.0
748;M;16.0;4.0;S;Salud;Otros;Papa;4.0;no;Si;Si;no;4.0;2.0;4.0;0.0;3;13.0
749;M;16.0;2.0;S;Otros;Otros;Mama;2.0;no;Si;Si;no;3.0;4.0;2.0;2.0;1;8.0
750;M;16.0;4.0;S;Am@DeCasa;Otros;Mama;8.0;no;no;Si;Si;5.0;3.0;3.0;0.0;2;6.33
751;M;17.0;1.0;S;Otros;Otros;Papa;4.0;no;no;Si;Si;4.0;4.0;2.0;0.0;5;16.67
752;F;16.0;5.0;S;Otros;Otros;Mama;1.0;no;no;Si;Si;4.0;5.0;2.0;4.0;1;12.33
753;F;16.0;5.0;N;Otros;Otros;Mama;3.0;no;no;Si;Si;5.0;3.0;3.0;0.0;1;6.33
754;F;18.0;1.0;N;Servicios;Otros;Mama;2.0;no;Si;Si;no;4.0;3.0;3.0;18.0;1;17.33
755;F;18.0;2.0;S;Am@DeCasa;Servicios;Mama;4.0;no;Si;Si;Si;5.0;3.0;1.0;16.0;1;10.67
756;F;18.0;4.0;S;Otros;Otros;Mama;0.0;no;no;no;no;4.0;1.0;1.0;14.0;1;7.67
757;M;18.0;4.0;S;Otros;Am@DeCasa;Otros;0.0;no;Si;no;Si;4.0;4.0;3.0;26.0;2;17.33
758;M;17.0;5.0;S;Educacion;Educacion;Mama;0.0;no;Si;Si;no;4.0;2.0;1.0;6.0;1;12.0
759;F;17.0;4.0;S;Otros;Otros;Papa;4.0;no;no;Si;no;5.0;4.0;2.0;4.0;1;15.0
760;F;17.0;3.0;S;Am@DeCasa;Am@DeCasa;Mama;9.0;no;Si;Si;Si;-4.0;3.0;2.0;10.0;1;18.67
761;F;16.0;5.0;S;Otros;Otros;Mama;0.0;no;no;no;no;5.0;3.0;5.0;4.0;1;9.0
762;F;17.0;5.0;S;Am@DeCasa;Servicios;Mama;4.0;no;no;Si;no;2.0;1.0;1.0;2.0;1;12.0
763;F;17.0;2.0;N;Otros;Otros;Otros;1.0;no;Si;Si;no;5.0;5.0;4.0;14.0;1;18.67
764;M;18.0;4.0;S;Otros;Servicios;Papa;3.0;no;no;no;no;5.0;5.0;4.0;16.0;4;9.0
765;F;17.0;1.0;N;Otros;Otros;Mama;0.0;no;Si;no;no;3.0;1.0;2.0;8.0;1;15.33
766;F;17.0;1.0;S;Am@DeCasa;Otros;Mama;9.0;no;no;Si;no;4.0;3.0;3.0;4.0;2;12.67
767;F;17.0;3.0;N;Educacion;Otros;Mama;4.0;no;Si;Si;no;4.0;3.0;2.0;4.0;1;13.33
768;M;17.0;1.0;S;Salud;Otros;Mama;5.0;no;no;Si;Si;2.0;5.0;5.0;8.0;2;8.0
769;M;17.0;1.0;N;Educacion;Otros;Mama;4.0;no;Si;Si;no;3.0;3.0;3.0;0.0;2;13.33
770;M;16.0;1.0;;Educacion;Otros;Mama;1.0;no;no;Si;no;5.0;4.0;5.0;7.0;1;15.33
771;M;16.0;5.0;S;Servicios;Servicios;Mama;1.0;no;;Si;no;5.0;3.0;2.0;4.0;1;15.0
772;F;17.0;5.0;S;Educacion;Servicios;M;3.0;no;Si;Si;Si;5.0;3.0;1.0;2.0;2;13.0
773;M;17.0;5.0;S;Otros;Otros;Papa;6.0;no;no;Si;Si;4.0;3.0;3.0;2.0;1;12.67
774;F;17.0;4.0;S;Servicios;Otros;Mama;10.0;no;Si;Si;Si;4.0;2.0;2.0;10.0;2;7.67
775;F;17.0;5.0;S;Am@DeCasa;Otros;Mama;3.0;Si;no;Si;Si;4.0;3.0;2.0;10.0;1;12.67
776;F;18.0;4.0;S;Otros;Otros;Otros;10.0;no;Si;Si;Si;4.0;4.0;4.0;10.0;1;9.33
777;M;16.0;5.0;S;Otros;Otros;Mama;1.0;no;no;Si;no;4.0;3.0;3.0;7.0;1;8.0
778;F;17.0;5.0;S;Otros;Servicios;Papa;2.0;no;Si;Si;no;4.0;3.0;4.0;4.0;1;3.67
779;M;17.0;5.0;S;Otros;Otros;Papa;0.0;no;no;Si;no;5.0;2.0;2.0;2.0;1;18.0
780;M;22.0;5.0;S;Servicios;Servicios;Mama;1.0;no;no;no;Si;5.0;4.0;5.0;12.0;5;4.0
781;M;18.0;2.0;S;Otros;Servicios;Mama;4.0;no;Si;Si;Si;4.0;3.0;3.0;8.0;;2.67
782;M;16.0;5.0;S;Otros;Otros;Mama;0.0;no;no;Si;no;4.0;3.0;2.0;0.0;3;11.67
783;M;18.0;4.0;S;Servicios;Otros;Mama;0.0;no;no;no;no;4.0;4.0;5.0;8.0;3;11.33
784;M;16.0;5.0;S;Am@DeCasa;Otros;Otros;4.0;Si;Si;Si;no;5.0;3.0;3.0;4.0;2;3.0
785;M;18.0;5.0;S;Servicios;Servicios;Mama;1.0;no;no;no;no;3.0;2.0;5.0;4.0;3;3.67
786;M;16.0;4.0;S;Otros;Otros;Mama;1.0;no;no;Si;no;3.0;3.0;2.0;2.0;2;3.33
787;M;17.0;5.0;S;Otros;Otros;Mama;1.0;no;no;Si;no;4.0;4.0;2.0;0.0;3;1.33
788;M;17.0;2.0;S;Salud;Otros;Mama;1.0;no;Si;Si;no;4.0;4.0;4.0;0.0;1;12.67
789;F;18.0;1.0;N;Otros;Otros;Mama;5.0;no;Si;Si;Si;4.0;3.0;4.0;2.0;2;15.67
790;F;17.0;1.0;S;Educacion;Servicios;Mama;11.0;no;Si;Si;no;4.0;2.0;3.0;2.0;1;5.33
790;F;17.0;1.0;S;Educacion;Servicios;Mama;11.0;no;Si;Si;no;4.0;2.0;3.0;2.0;1;5.33
791;F;19.0;5.0;S;Servicios;Servicios;Mama;3.0;no;Si;Si;no;4.0;3.0;3.0;0.0;1;9.0
792;M;18.0;2.0;S;Servicios;Otros;Mama;4.0;no;no;no;no;4.0;4.0;5.0;4.0;4;10.33
793;F;17.0;4.0;S;Otros;Otros;Mama;6.0;no;Si;Si;no;4.0;3.0;4.0;2.0;2;13.67
794;F;18.0;2.0;S;Otros;Am@DeCasa;Mama;6.0;no;Si;Si;no;4.0;4.0;3.0;4.0;2;1.67
795;F;18.0;5.0;S;Otros;Otros;Mama;4.0;Si;no;Si;no;3.0;2.0;3.0;4.0;1;10.0
796;M;19.0;2.0;N;Servicios;Am@DeCasa;Mama;2.0;no;Si;Si;no;4.0;3.0;1.0;4.0;1;4.33
797;M;18.0;4.0;S;Otros;Otros;Mama;3.0;no;no;Si;no;5.0;2.0;4.0;2.0;1;10.67
798;M;17.0;4.0;S;Otros;Servicios;Mama;1.0;no;no;no;no;5.0;2.0;2.0;0.0;1;4.33
799;F;17.0;3.0;S;Servicios;Servicios;Papa;12.0;no;no;Si;Si;3.0;4.0;1.0;2.0;1;9.0
800;F;20.0;5.0;S;Otros;Otros;Otros;2.0;no;Si;no;Si;1.0;2.0;3.0;8.0;1;3.67
801;F;18.0;4.0;S;Servicios;Otros;Papa;4.0;no;Si;Si;Si;3.0;1.0;2.0;2.0;2;13.0
802;M;18.0;4.0;S;Educacion;Otros;Mama;5.0;no;Si;Si;no;4.0;3.0;2.0;2.0;1;10.0
803;M;18.0;5.0;S;Otros;Otros;Mama;8.0;no;no;Si;no;5.0;3.0;2.0;2.0;1;1.67
804;F;17.0;5.0;S;Otros;Otros;Mama;9.0;no;no;Si;no;3.0;2.0;3.0;2.0;1;11.33
805;F;18.0;5.0;S;Am@DeCasa;Servicios;Mama;5.0;no;Si;Si;Si;4.0;3.0;3.0;0.0;1;9.0
806;M;17.0;4.0;S;Otros;Otros;Papa;0.0;no;no;no;no;4.0;4.0;4.0;8.0;2;13.67
807;M;18.0;2.0;;Otros;Otros;Mama;2.0;no;Si;Si;no;4.0;2.0;5.0;6.0;3;9.0
808;M;17.0;4.0;S;Servicios;Otros;Mama;5.0;no;;Si;Si;5.0;4.0;4.0;0.0;3;15.67
809;F;18.0;4.0;S;Educacion;Otros;M;5.0;no;no;Si;no;4.0;3.0;4.0;8.0;2;11.33
810;M;18.0;5.0;S;Salud;Otros;Papa;5.0;no;Si;Si;Si;5.0;4.0;5.0;4.0;2;4.33
811;F;18.0;4.0;S;Otros;Otros;Mama;5.0;no;Si;no;Si;4.0;3.0;5.0;12.0;1;7.0
812;F;19.0;4.0;S;Otros;Servicios;Otros;5.0;no;Si;Si;no;4.0;3.0;5.0;16.0;3;2.33
813;F;18.0;4.0;S;Otros;Servicios;Papa;14.0;no;Si;Si;Si;4.0;5.0;5.0;10.0;2;10.0
814;F;18.0;1.0;S;Otros;Otros;Mama;2.0;no;Si;Si;no;4.0;4.0;3.0;2.0;1;6.67
815;M;17.0;5.0;S;Am@DeCasa;Am@DeCasa;Mama;5.0;no;Si;Si;Si;3.0;5.0;2.0;2.0;2;11.67
816;F;18.0;4.0;S;Otros;Otros;Mama;4.0;no;Si;Si;Si;4.0;2.0;5.0;8.0;1;10.0
817;F;17.0;5.0;S;Am@DeCasa;Salud;Mama;5.0;no;Si;Si;Si;4.0;3.0;3.0;6.0;1;15.0
818;F;17.0;2.0;S;Servicios;Otros;Mama;3.0;Si;Si;Si;Si;4.0;4.0;4.0;6.0;2;4.33
819;F;18.0;5.0;N;Otros;Servicios;Mama;5.0;no;no;no;Si;4.0;1.0;1.0;15.0;1;14.0
820;M;18.0;4.0;S;Educacion;Servicios;Mama;0.0;no;no;Si;no;3.0;2.0;4.0;6.0;2;3.67
821;F;18.0;5.0;S;Salud;Salud;Papa;4.0;Si;Si;Si;Si;2.0;4.0;4.0;2.0;1;14.67
822;F;17.0;5.0;S;Otros;Servicios;Papa;6.0;no;Si;Si;Si;4.0;2.0;3.0;8.0;1;11.33
823;F;19.0;4.0;S;Servicios;Servicios;Papa;5.0;Si;Si;no;no;3.0;3.0;3.0;0.0;4;5.0
824;M;18.0;1.0;S;Educacion;Servicios;Mama;1.0;no;no;Si;no;4.0;2.0;3.0;0.0;1;10.0
825;M;18.0;4.0;S;Am@DeCasa;Otros;Otros;0.0;no;no;no;no;3.0;4.0;4.0;10.0;3;9.33
826;M;17.0;3.0;N;Servicios;Otros;Mama;1.0;no;no;Si;Si;4.0;5.0;4.0;22.0;3;12.33
827;M;17.0;1.0;N;Educacion;Servicios;Mama;1.0;no;no;Si;no;4.0;4.0;4.0;18.0;3;5.67
828;F;18.0;3.0;S;Am@DeCasa;Otros;Mama;11.0;no;Si;Si;no;5.0;2.0;2.0;2.0;1;9.0
829;F;18.0;5.0;S;Otros;Otros;Mama;4.0;Si;no;Si;no;5.0;4.0;4.0;0.0;1;10.33
830;F;17.0;4.0;S;Otros;Otros;Mama;2.0;no;Si;Si;no;5.0;4.0;5.0;12.0;1;8.33
831;F;18.0;5.0;S;Otros;Otros;Mama;5.0;no;no;Si;Si;4.0;3.0;1.0;10.0;1;12.33
832;M;17.0;4.0;S;Otros;Otros;Papa;4.0;no;no;Si;no;4.0;3.0;3.0;0.0;1;16.67
833;F;18.0;4.0;S;Am@DeCasa;Am@DeCasa;Mama;5.0;no;Si;Si;no;4.0;3.0;3.0;0.0;1;8.67
834;F;17.0;4.0;S;Servicios;Educacion;Mama;5.0;no;Si;Si;no;4.0;3.0;3.0;0.0;1;12.33
835;M;18.0;5.0;S;Servicios;Servicios;Mama;10.0;no;no;Si;no;4.0;2.0;4.0;0.0;2;11.67
836;M;18.0;1.0;N;Educacion;Educacion;Mama;2.0;no;Si;Si;no;5.0;4.0;3.0;0.0;1;11.33
837;M;18.0;4.0;S;Educacion;Otros;Mama;4.0;no;Si;Si;Si;4.0;3.0;2.0;2.0;2;15.0
838;F;17.0;4.0;S;Salud;Servicios;Mama;8.0;no;Si;Si;no;4.0;2.0;2.0;0.0;1;8.0
839;F;17.0;2.0;S;Servicios;Otros;Mama;11.0;no;Si;Si;no;3.0;1.0;2.0;0.0;1;9.0
840;M;18.0;1.0;S;Servicios;Otros;Mama;8.0;no;Si;Si;no;5.0;4.0;2.0;0.0;1;12.0
840;M;18.0;1.0;S;Servicios;Otros;Mama;8.0;no;Si;Si;no;5.0;4.0;2.0;0.0;1;12.0
841;M;17.0;4.0;S;Salud;Otros;Mama;1.0;no;Si;Si;no;4.0;4.0;3.0;0.0;2;8.33
842;F;19.0;5.0;S;Salud;Otros;Otros;3.0;no;Si;Si;no;2.0;3.0;4.0;2.0;2;7.67
843;F;18.0;2.0;S;Otros;Otros;Otros;3.0;no;Si;Si;Si;4.0;4.0;5.0;0.0;1;9.0
844;F;18.0;4.0;;Otros;Otros;Papa;12.0;no;Si;Si;no;4.0;3.0;3.0;0.0;1;13.67
845;M;18.0;1.0;S;Educacion;Educacion;Mama;1.0;no;;Si;Si;1.0;4.0;2.0;0.0;2;14.67
846;F;18.0;3.0;N;Salud;Otros;M;2.0;no;Si;Si;Si;4.0;2.0;4.0;0.0;1;16.0
847;M;17.0;1.0;S;Otros;Educacion;Papa;0.0;no;no;Si;no;4.0;1.0;1.0;0.0;2;9.33
848;F;17.0;4.0;S;Servicios;Servicios;Mama;5.0;no;Si;Si;no;5.0;3.0;4.0;0.0;1;18.0
849;F;17.0;5.0;S;Otros;Otros;Mama;7.0;no;Si;Si;no;4.0;3.0;3.0;0.0;1;9.33
850;F;17.0;4.0;S;Salud;Salud;Papa;11.0;no;Si;Si;no;5.0;2.0;2.0;0.0;1;16.0
851;M;19.0;3.0;S;Am@DeCasa;Servicios;Mama;6.0;no;no;Si;Si;4.0;3.0;1.0;0.0;1;9.33
852;M;20.0;4.0;N;Servicios;Otros;Otros;0.0;no;no;Si;no;5.0;5.0;3.0;0.0;1;9.33
853;M;19.0;5.0;S;Otros;Servicios;Papa;5.0;no;no;Si;Si;4.0;5.0;3.0;0.0;1;6.33
854;F;18.0;5.0;S;Otros;Educacion;Mama;4.0;Si;Si;Si;Si;-3.0;4.0;4.0;2.0;1;10.33
855;F;18.0;5.0;S;Servicios;Otros;Mama;4.0;no;Si;Si;no;5.0;-3.0;3.0;2.0;1;9.33
856;F;17.0;5.0;S;Otros;Otros;Papa;3.0;no;no;Si;Si;4.0;2.0;1.0;2.0;1;7.0
857;F;17.0;4.0;S;Educacion;Educacion;Mama;0.0;no;no;Si;no;4.0;4.0;4.0;2.0;1;12.0
858;F;18.0;5.0;S;Otros;Otros;Mama;5.0;no;Si;Si;Si;4.0;3.0;4.0;2.0;1;9.33
859;F;18.0;1.0;S;Salud;Servicios;Mama;0.0;no;Si;Si;no;3.0;2.0;4.0;8.0;2;7.0
860;F;17.0;4.0;S;Am@DeCasa;Servicios;Papa;5.0;no;Si;Si;no;4.0;3.0;4.0;2.0;3;8.0
861;F;18.0;5.0;S;Am@DeCasa;Otros;Papa;2.0;no;Si;Si;no;4.0;100.0;4.0;8.0;1;12.33
862;M;19.0;5.0;S;Salud;Otros;Mama;3.0;no;Si;Si;Si;5.0;4.0;4.0;9.0;1;13.0
863;F;18.0;4.0;S;Educacion;Otros;Mama;2.0;no;Si;Si;no;4.0;4.0;4.0;0.0;3;7.0
864;F;18.0;4.0;S;Otros;Otros;Mama;1.0;no;Si;Si;Si;5.0;4.0;4.0;4.0;1;9.33
865;F;17.0;5.0;S;Salud;Salud;Mama;1.0;no;no;Si;no;5.0;3.0;4.0;2.0;1;14.67
866;F;17.0;5.0;N;Servicios;Servicios;Mama;2.0;no;Si;Si;Si;5.0;2.0;2.0;14.0;1;5.33
867;F;17.0;3.0;N;Servicios;Otros;Mama;3.0;Si;Si;Si;no;5.0;3.0;3.0;0.0;1;6.67
868;F;17.0;1.0;S;Otros;Otros;Papa;5.0;no;no;Si;no;4.0;2.0;3.0;2.0;2;7.33
869;M;18.0;3.0;S;Otros;Otros;Papa;0.0;no;Si;Si;no;4.0;2.0;5.0;2.0;3;9.67
870;F;19.0;5.0;S;Otros;Otros;Otros;10.0;no;no;no;Si;1.0;5.0;5.0;12.0;4;6.0
871;F;19.0;3.0;N;Otros;Otros;Otros;2.0;no;Si;Si;Si;5.0;3.0;4.0;2.0;1;3.67
872;F;18.0;4.0;S;Otros;Otros;Mama;0.0;no;Si;Si;Si;4.0;3.0;5.0;150.0;3;16.33
873;F;17.0;5.0;S;Otros;Otros;Mama;3.0;no;Si;Si;Si;4.0;2.0;2.0;4.0;1;12.67
874;F;17.0;3.0;S;Servicios;Servicios;Mama;7.0;no;Si;Si;no;3.0;3.0;2.0;0.0;2;13.33
875;F;17.0;5.0;S;Servicios;Servicios;Papa;6.0;no;Si;Si;no;3.0;4.0;3.0;0.0;2;8.0
876;F;17.0;2.0;S;Am@DeCasa;Am@DeCasa;Papa;7.0;no;no;Si;no;3.0;3.0;3.0;0.0;2;15.33
877;F;18.0;4.0;S;Otros;Otros;Mama;10.0;no;no;Si;no;4.0;5.0;5.0;0.0;1;11.67
878;M;18.0;5.0;S;Otros;Otros;Mama;8.0;no;no;Si;no;4.0;3.0;3.0;0.0;2;9.0
879;M;17.0;4.0;S;Otros;Servicios;Mama;0.0;no;no;Si;no;4.0;3.0;5.0;0.0;4;11.33
880;M;17.0;4.0;S;Servicios;Otros;Mama;1.0;no;Si;Si;no;4.0;4.0;5.0;2.0;5;13.33
881;F;17.0;4.0;;Educacion;Servicios;Mama;10.0;no;Si;Si;no;5.0;4.0;4.0;0.0;2;11.0
882;F;17.0;4.0;S;Educacion;Educacion;Mama;7.0;no;;Si;Si;4.0;3.0;3.0;4.0;1;9.67
883;F;17.0;4.0;S;Am@DeCasa;Otros;m;0.0;no;Si;Si;no;4.0;2.0;5.0;2.0;3;13.33
884;M;18.0;1.0;S;Otros;Otros;Mama;15.0;no;Si;Si;no;4.0;5.0;5.0;0.0;3;7.33
885;M;19.0;5.0;S;Am@DeCasa;Servicios;Otros;0.0;no;Si;Si;Si;5.0;3.0;4.0;0.0;2;10.0
886;F;18.0;4.0;S;Am@DeCasa;Otros;Mama;5.0;no;no;Si;Si;4.0;2.0;5.0;2.0;1;13.33
887;F;17.0;5.0;S;Am@DeCasa;Otros;Papa;10.0;no;Si;Si;Si;4.0;4.0;3.0;0.0;1;12.33
888;M;18.0;4.0;S;Otros;Otros;Mama;1.0;no;no;Si;no;5.0;4.0;2.0;6.0;1;11.67
889;F;18.0;5.0;S;Servicios;Servicios;Mama;4.0;no;no;Si;no;5.0;3.0;4.0;8.0;1;4.67
890;F;18.0;2.0;S;Otros;Otros;Otros;3.0;no;no;Si;Si;4.0;3.0;3.0;0.0;1;12.0
891;F;18.0;4.0;S;Am@DeCasa;Otros;Mama;13.0;no;no;Si;no;4.0;4.0;4.0;6.0;1;11.0
892;F;17.0;5.0;S;Servicios;Otros;Mama;7.0;no;no;Si;no;4.0;4.0;5.0;8.0;2;2.0
893;F;17.0;5.0;S;Otros;Otros;Mama;2.0;no;Si;Si;Si;4.0;3.0;2.0;0.0;2;12.33
894;F;18.0;2.0;S;Servicios;Servicios;Mama;14.0;no;Si;Si;no;5.0;3.0;3.0;4.0;1;2.33
895;F;17.0;4.0;N;Otros;Otros;Mama;2.0;no;Si;Si;no;4.0;3.0;3.0;0.0;2;18.0
896;M;18.0;5.0;S;Educacion;Servicios;Papa;3.0;no;Si;Si;no;4.0;3.0;3.0;0.0;2;12.33
897;M;18.0;3.0;S;Servicios;Otros;Mama;4.0;no;no;Si;Si;4.0;3.0;3.0;6.0;2;7.33
898;F;17.0;5.0;N;Am@DeCasa;Am@DeCasa;Papa;3.0;no;Si;Si;Si;3.0;3.0;1.0;18.0;1;4.33
899;F;18.0;4.0;S;Am@DeCasa;Otros;Mama;10.0;no;Si;Si;no;4.0;300.0;3.0;0.0;1;14.33
900;F;18.0;5.0;S;Otros;Servicios;Mama;8.0;no;no;Si;Si;5.0;4.0;3.0;4.0;2;7.33
901;M;18.0;4.0;S;Educacion;Servicios;Mama;7.0;no;no;Si;Si;5.0;3.0;2.0;4.0;1;9.0
902;M;18.0;4.0;S;Educacion;Otros;Mama;9.0;no;Si;Si;Si;5.0;4.0;5.0;0.0;2;7.67
903;F;17.0;5.0;S;Salud;Otros;Mama;7.0;no;Si;Si;Si;4.0;4.0;3.0;0.0;2;8.33
904;F;17.0;4.0;S;Servicios;Otros;Mama;2.0;no;Si;Si;Si;4.0;3.0;4.0;10.0;2;10.67
905;F;17.0;5.0;S;Servicios;Otros;Mama;5.0;no;Si;Si;no;4.0;3.0;5.0;4.0;3;8.0
906;F;19.0;3.0;N;Am@DeCasa;Otros;Otros;0.0;no;no;no;no;2.0;2.0;3.0;16.0;3;13.0
907;F;17.0;4.0;S;Otros;Am@DeCasa;Mama;1.0;no;Si;Si;Si;4.0;1.0;2.0;6.0;1;11.0
908;F;21.0;3.0;S;Otros;Otros;Otros;9.0;no;no;Si;no;3.0;3.0;2.0;0.0;1;14.33
909;M;18.0;3.0;S;Servicios;Servicios;Mama;5.0;no;Si;no;no;4.0;4.0;4.0;11.0;2;6.33
910;M;18.0;1.0;N;Otros;Otros;Otros;5.0;no;no;Si;Si;4.0;3.0;5.0;9.0;2;17.67
911;F;17.0;5.0;S;Servicios;Servicios;Mama;2.0;no;Si;Si;no;4.0;3.0;4.0;0.0;2;8.0
912;M;17.0;3.0;N;Salud;Otros;Mama;8.0;no;Si;Si;no;4.0;4.0;2.0;2.0;1;12.33
913;F;18.0;2.0;S;Educacion;Otros;Mama;4.0;no;Si;Si;no;4.0;2.0;2.0;0.0;1;9.33
914;M;21.0;3.0;S;Am@DeCasa;Otros;Otros;4.0;no;Si;no;Si;5.0;3.0;3.0;21.0;4;6.33
915;F;20.0;5.0;S;Otros;Otros;Otros;7.0;no;no;Si;Si;3.0;2.0;2.0;8.0;2;17.0
916;F;19.0;5.0;S;Educacion;Otros;Otros;0.0;no;Si;Si;Si;3.0;2.0;5.0;5.0;4;9.33
917;M;17.0;1.0;N;Otros;Otros;Mama;3.0;no;Si;Si;no;4.0;4.0;4.0;10.0;1;11.0
918;F;18.0;5.0;;Am@DeCasa;Otros;Papa;5.0;no;Si;Si;Si;4.0;3.0;4.0;5.0;1;9.67
919;M;18.0;5.0;S;Otros;Servicios;Papa;0.0;no;;Si;no;3.0;1.0;3.0;13.0;4;2.0
920;M;19.0;4.0;S;Otros;Otros;Mama;0.0;no;no;Si;no;5.0;3.0;4.0;10.0;2;9.0
921;F;18.0;3.0;N;Servicios;Otros;Mama;3.0;no;Si;Si;no;4.0;1.0;4.0;10.0;2;14.33
922;F;20.0;5.0;S;Otros;Otros;Mama;0.0;Si;no;Si;Si;5.0;3.0;1.0;5.0;1;11.0
923;F;18.0;4.0;S;Servicios;Otros;Mama;4.0;no;Si;Si;Si;3.0;1.0;2.0;4.0;1;14.33
924;F;16.0;5.0;S;Am@DeCasa;Otros;Papa;1.0;no;Si;no;Si;4.0;3.0;3.0;11.0;2;10.0
925;F;16.0;5.0;S;Otros;Otros;Mama;3.0;no;Si;Si;no;4.0;4.0;4.0;0.0;1;12.0
926;F;15.0;4.0;S;Am@DeCasa;Servicios;Mama;1.0;no;Si;Si;Si;4.0;1.0;3.0;6.0;1;9.33
927;F;15.0;4.0;S;Am@DeCasa;Otros;Mama;1.0;no;Si;Si;no;5.0;4.0;4.0;4.0;2;9.0
928;F;16.0;5.0;S;Am@DeCasa;Servicios;Mama;3.0;no;no;Si;no;4.0;5.0;2.0;0.0;1;8.33
929;F;15.0;2.0;S;Am@DeCasa;Otros;Mama;1.0;no;no;no;no;1.0;3.0;4.0;0.0;1;10.33
930;M;16.0;2.0;N;Am@DeCasa;Otros;Mama;2.0;no;Si;Si;no;5.0;3.0;2.0;5.0;2;8.0
931;M;16.0;4.0;N;Otros;Otros;Mama;9.0;Si;no;Si;no;4.0;4.0;3.0;0.0;1;10.0
932;F;17.0;5.0;S;Am@DeCasa;Otros;Papa;5.0;no;no;Si;Si;4.0;5.0;4.0;0.0;1;12.0
933;F;17.0;4.0;S;Otros;Otros;Papa;0.0;no;Si;no;no;5.0;4.0;4.0;0.0;2;9.0
934;F;15.0;4.0;S;Educacion;Otros;Mama;1.0;no;no;Si;Si;1.0;5.0;1.0;0.0;4;10.0
935;F;16.0;2.0;N;Am@DeCasa;Otros;Mama;12.0;no;no;no;Si;1.0;2.0;1.0;4.0;1;11.0
936;F;15.0;2.0;S;Am@DeCasa;Servicios;Papa;3.0;no;Si;Si;no;5.0;4.0;3.0;0.0;1;18.33
937;F;15.0;3.0;S;Otros;Servicios;Mama;1.0;no;Si;Si;Si;4.0;4.0;3.0;4.0;1;12.33
938;F;16.0;4.0;S;Otros;Otros;Mama;1.0;no;Si;Si;no;3.0;2.0;3.0;0.0;1;14.33
939;F;17.0;4.0;S;Otros;Otros;Mama;1.0;no;Si;Si;no;5.0;5.0;5.0;2.0;2;14.33
940;F;15.0;5.0;S;Otros;Servicios;Papa;1.0;no;no;Si;no;4.0;1.0;3.0;0.0;1;11.33
941;M;16.0;4.0;S;Am@DeCasa;Servicios;Mama;2.0;no;Si;Si;Si;5.0;4.0;5.0;0.0;4;15.0
942;M;17.0;4.0;S;Otros;Otros;Mama;5.0;no;no;Si;no;4.0;4.0;3.0;4.0;3;12.33
943;M;15.0;2.0;S;Salud;Servicios;Papa;2.0;no;Si;Si;no;5.0;3.0;4.0;0.0;1;18.0
944;M;15.0;1.0;S;Salud;Servicios;Papa;2.0;no;Si;Si;no;5.0;3.0;4.0;7.0;1;13.67
945;M;16.0;4.0;S;Otros;Salud;Mama;2.0;no;no;Si;no;3.0;4.0;5.0;4.0;1;12.33
946;M;15.0;4.0;S;Otros;Otros;Mama;5.0;no;Si;Si;Si;5.0;4.0;5.0;8.0;3;6.33
947;M;15.0;1.0;S;Am@DeCasa;Am@DeCasa;Papa;4.0;no;Si;Si;no;5.0;3.0;3.0;0.0;1;8.67
948;M;17.0;5.0;S;Otros;Otros;Mama;1.0;no;no;no;Si;5.0;5.0;5.0;8.0;5;13.67
949;F;16.0;5.0;S;Educacion;Educacion;Mama;8.0;no;no;Si;Si;4.0;2.0;2.0;6.0;1;15.67
950;F;15.0;5.0;S;Otros;Servicios;Mama;0.0;no;no;Si;no;5.0;1.0;2.0;3.0;1;11.0
951;F;16.0;5.0;S;Otros;Servicios;Mama;2.0;no;Si;Si;no;4.0;5.0;4.0;2.0;1;10.67
952;M;16.0;5.0;S;Otros;Otros;Papa;5.0;no;no;Si;no;4.0;3.0;3.0;0.0;1;13.67
953;F;16.0;5.0;S;Otros;Otros;Mama;2.0;no;Si;Si;no;4.0;4.0;5.0;4.0;1;17.33
954;F;16.0;4.0;S;Otros;Servicios;Mama;9.0;no;Si;Si;no;1.0;3.0;2.0;0.0;1;14.0
955;F;16.0;4.0;;Otros;Servicios;Mama;8.0;no;Si;Si;no;1.0;3.0;2.0;3.0;1;12.67
956;F;15.0;4.0;S;Am@DeCasa;Otros;Mama;2.0;Si;;Si;no;4.0;4.0;2.0;0.0;3;17.67
957;F;16.0;4.0;S;Am@DeCasa;Otros;p ;4.0;no;Si;Si;Si;5.0;4.0;3.0;0.0;2;8.33
958;M;17.0;3.0;S;Am@DeCasa;Servicios;Mama;0.0;no;Si;Si;no;5.0;5.0;5.0;4.0;5;13.0
959;F;16.0;4.0;S;Otros;Otros;Papa;15.0;no;Si;Si;no;4.0;3.0;2.0;0.0;1;10.67
960;F;16.0;4.0;S;Am@DeCasa;Otros;Papa;6.0;Si;Si;Si;no;4.0;4.0;3.0;2.0;1;6.0
961;F;15.0;4.0;S;Am@DeCasa;Otros;Papa;3.0;no;Si;Si;no;4.0;3.0;3.0;1.0;1;13.0
962;F;16.0;4.0;S;Am@DeCasa;Otros;Mama;1.0;no;no;Si;Si;4.0;2.0;2.0;0.0;4;11.67
963;F;15.0;4.0;S;Am@DeCasa;Am@DeCasa;Papa;4.0;no;Si;Si;no;4.0;2.0;1.0;0.0;1;11.33
964;F;15.0;3.0;S;Otros;Otros;Papa;5.0;Si;Si;Si;no;4.0;4.0;3.0;2.0;2;13.67
965;M;16.0;5.0;S;Am@DeCasa;Otros;Papa;1.0;no;no;Si;no;3.0;4.0;4.0;6.0;3;11.67
966;F;18.0;4.0;S;Otros;Otros;Papa;5.0;no;Si;Si;Si;3.0;4.0;4.0;9.0;2;5.33
967;M;15.0;4.0;S;Otros;Servicios;Mama;1.0;no;Si;Si;no;3.0;2.0;3.0;0.0;2;9.33
968;F;16.0;4.0;S;Otros;Servicios;Papa;3.0;no;Si;Si;no;5.0;3.0;4.0;1.0;1;10.67
969;M;15.0;5.0;S;Salud;Otros;Mama;1.0;no;no;Si;no;4.0;3.0;3.0;1.0;1;11.0
970;M;16.0;5.0;S;Otros;Educacion;Papa;4.0;no;Si;Si;Si;4.0;3.0;1.0;0.0;1;13.0
971;F;15.0;4.0;S;Servicios;Otros;Mama;5.0;no;Si;Si;Si;4.0;5.0;4.0;4.0;1;9.67
972;F;16.0;5.0;S;Am@DeCasa;Otros;Mama;2.0;no;Si;Si;no;4.0;4.0;4.0;2.0;2;11.0
973;F;16.0;2.0;S;Otros;Otros;Papa;1.0;no;Si;Si;Si;4.0;300.0;2.0;0.0;1;13.67
974;M;16.0;3.0;S;Am@DeCasa;Servicios;Mama;0.0;no;Si;Si;no;2.0;4.0;3.0;4.0;2;15.33
975;M;15.0;1.0;S;Am@DeCasa;Otros;Papa;0.0;no;Si;Si;no;4.0;2.0;4.0;2.0;4;10.67
976;F;15.0;5.0;S;Otros;Servicios;Mama;5.0;no;Si;Si;no;5.0;3.0;2.0;0.0;1;15.0
977;F;16.0;1.0;S;Otros;Otros;Mama;0.0;no;Si;Si;Si;5.0;4.0;3.0;2.0;1;10.33
978;M;15.0;4.0;S;Servicios;Servicios;Papa;1.0;no;Si;Si;no;4.0;3.0;3.0;11.0;3;9.33
979;F;16.0;4.0;S;Am@DeCasa;Otros;Papa;3.0;Si;Si;Si;no;3.0;4.0;3.0;0.0;1;14.0
980;F;17.0;4.0;S;Otros;Am@DeCasa;Mama;1.0;no;Si;no;no;4.0;5.0;3.0;4.0;1;8.33
981;F;19.0;4.0;S;Am@DeCasa;Servicios;Otros;0.0;no;no;no;Si;4.0;4.0;4.0;0.0;1;13.33
982;F;17.0;5.0;S;Am@DeCasa;Otros;Mama;1.0;no;Si;no;Si;5.0;5.0;3.0;2.0;1;2.33
983;F;15.0;1.0;S;Am@DeCasa;Otros;Mama;0.0;no;Si;no;Si;5.0;2.0;1.0;0.0;2;5.33
984;F;16.0;5.0;S;Otros;Otros;Papa;3.0;no;Si;no;no;3.0;4.0;5.0;1.0;1;6.33
985;F;16.0;3.0;N;Otros;Otros;Mama;0.0;no;Si;no;no;4.0;3.0;4.0;6.0;1;15.33
986;F;17.0;5.0;S;Am@DeCasa;Otros;Mama;2.0;no;Si;Si;no;4.0;3.0;5.0;0.0;1;13.33
987;F;16.0;5.0;S;Otros;Servicios;Papa;0.0;no;Si;Si;no;4.0;4.0;3.0;1.0;2;5.0
988;F;18.0;3.0;N;Otros;Otros;Otros;10.0;no;Si;no;Si;3.0;3.0;2.0;6.0;1;16.0
989;F;19.0;5.0;S;Am@DeCasa;Servicios;Mama;10.0;no;no;no;Si;5.0;3.0;1.0;6.0;1;9.67
990;M;18.0;4.0;S;Otros;Otros;Mama;0.0;no;no;no;no;4.0;4.0;3.0;0.0;3;11.33
991;F;18.0;4.0;S;Am@DeCasa;Am@DeCasa;Mama;0.0;no;no;no;Si;3.0;2.0;3.0;4.0;1;6.67
992;F;19.0;5.0;;Otros;Otros;Otros;2.0;no;Si;Si;Si;1.0;1.0;4.0;12.0;3;15.33
993;F;16.0;4.0;N;Salud;Otros;Mama;5.0;no;;Si;Si;3.0;3.0;2.0;2.0;1;5.67
994;F;17.0;4.0;S;Otros;Am@DeCasa;Papa;1.0;no;no;Si;no;2.0;4.0;4.0;5.0;4;10.33
995;F;16.0;1.0;S;Am@DeCasa;Otros;Mama;3.0;no;no;no;no;4.0;4.0;5.0;0.0;2;13.33
996;F;16.0;5.0;S;Otros;Otros;Mama;1.0;no;no;no;Si;4.0;5.0;4.0;0.0;1;15.67
997;F;16.0;2.0;S;Servicios;Servicios;Mama;0.0;no;Si;Si;Si;4.0;4.0;4.0;2.0;2;9.67
998;M;17.0;4.0;S;Servicios;Am@DeCasa;Mama;14.0;no;Si;Si;no;5.0;4.0;5.0;0.0;3;14.33
999;F;16.0;5.0;S;Otros;Servicios;Mama;4.0;no;Si;Si;no;5.0;3.0;3.0;0.0;1;12.33
1000;F;16.0;4.0;S;Servicios;Otros;Mama;1.0;no;Si;Si;Si;4.0;2.0;5.0;0.0;1;7.67
1001;M;17.0;5.0;S;Otros;Otros;Papa;0.0;no;Si;no;Si;5.0;3.0;5.0;12.0;5;13.0
1002;M;16.0;1.0;S;Otros;Otros;Papa;0.0;no;no;Si;no;4.0;2.0;5.0;8.0;2;7.67
1003;M;17.0;3.0;S;Servicios;Servicios;Mama;14.0;no;Si;Si;no;1.0;3.0;5.0;2.0;4;8.0
1004;F;16.0;5.0;S;Otros;Otros;Otros;11.0;Si;Si;Si;no;2.0;2.0;1.0;0.0;1;11.67
1005;F;19.0;2.0;S;Otros;Otros;Mama;6.0;no;no;Si;Si;5.0;4.0;5.0;0.0;1;9.33
1006;F;17.0;4.0;S;Am@DeCasa;Otros;Mama;0.0;no;Si;Si;Si;4.0;4.0;5.0;0.0;1;12.67
1007;F;20.0;4.0;S;Am@DeCasa;Servicios;Mama;2.0;no;no;Si;Si;3.0;3.0;4.0;8.0;3;11.67
1008;F;17.0;1.0;S;Otros;Servicios;Papa;10.0;no;Si;Si;Si;4.0;3.0;3.0;0.0;1;10.0
1009;M;17.0;4.0;S;Otros;Otros;Mama;0.0;no;Si;Si;no;4.0;4.0;5.0;0.0;1;16.67
1010;F;16.0;1.0;S;Am@DeCasa;Otros;Papa;2.0;no;Si;Si;no;5.0;3.0;2.0;0.0;1;13.0
1011;F;17.0;5.0;S;Otros;Otros;Mama;5.0;no;Si;Si;no;5.0;3.0;2.0;0.0;1;12.33
1012;F;17.0;5.0;N;Otros;Otros;Mama;3.0;no;no;Si;Si;4.0;4.0;5.0;1.0;1;10.67
1013;F;18.0;5.0;S;Am@DeCasa;Otros;Mama;3.0;no;Si;Si;Si;4.0;3.0;2.0;9.0;1;15.33
1014;F;16.0;5.0;S;Otros;Otros;Mama;1.0;no;no;Si;no;3.0;1.0;3.0;0.0;2;11.67
1015;F;16.0;5.0;S;Servicios;Am@DeCasa;Mama;1.0;no;no;Si;no;3.0;1.0;3.0;2.0;2;10.0
1016;F;18.0;3.0;S;Otros;Am@DeCasa;Mama;3.0;Si;no;Si;no;2.0;3.0;5.0;8.0;2;13.0
1017;F;16.0;4.0;S;Salud;Educacion;Papa;4.0;no;no;Si;Si;4.0;3.0;3.0;0.0;2;4.33
1018;F;16.0;2.0;S;Otros;Otros;Mama;1.0;no;no;Si;no;5.0;4.0;5.0;0.0;2;10.33
1019;F;18.0;4.0;N;Otros;Servicios;Papa;5.0;no;Si;Si;no;2.0;3.0;2.0;8.0;2;12.33
1020;M;16.0;4.0;S;Otros;Servicios;Mama;2.0;no;no;Si;no;5.0;2.0;1.0;0.0;1;7.67
1021;F;16.0;2.0;S;Am@DeCasa;Otros;Mama;5.0;no;Si;Si;no;4.0;3.0;2.0;6.0;2;12.67
1022;F;16.0;5.0;S;Am@DeCasa;Servicios;Mama;2.0;no;Si;Si;no;3.0;3.0;3.0;0.0;1;11.67
1023;F;16.0;5.0;S;Salud;Salud;Mama;2.0;no;Si;Si;Si;4.0;3.0;4.0;4.0;1;5.33
1024;M;18.0;2.0;S;Am@DeCasa;Salud;Mama;13.0;no;Si;no;Si;5.0;5.0;5.0;2.0;5;18.67
1025;F;16.0;1.0;S;Am@DeCasa;Otros;Mama;5.0;no;Si;Si;no;4.0;2.0;1.0;2.0;1;8.67
1026;M;17.0;3.0;S;Otros;Servicios;Mama;9.0;no;Si;Si;no;4.0;4.0;3.0;0.0;1;14.67
1027;F;17.0;4.0;S;Otros;Otros;Mama;0.0;no;no;Si;Si;4.0;2.0;3.0;1.0;1;9.0
1028;M;16.0;3.0;S;Servicios;Servicios;Mama;6.0;no;no;Si;no;5.0;1.0;3.0;0.0;2;15.0
1029;F;17.0;5.0;;Am@DeCasa;Otros;Mama;1.0;no;Si;Si;no;5.0;1.0;3.0;5.0;1;10.0
1030;F;16.0;3.0;S;Servicios;Servicios;Papa;1.0;no;;Si;no;5.0;1.0;3.0;1.0;1;14.33
1031;M;17.0;5.0;S;Servicios;Servicios;Mama;1.0;no;Si;Si;no;4.0;1.0;4.0;8.0;5;6.67
1032;M;17.0;5.0;S;Am@DeCasa;Servicios;Mama;2.0;no;no;Si;Si;5.0;1.0;3.0;0.0;3;10.67
1033;M;16.0;4.0;S;Salud;Servicios;Mama;5.0;no;no;Si;Si;4.0;2.0;2.0;2.0;2;3.67
1034;F;16.0;1.0;S;Otros;Servicios;Mama;2.0;no;no;Si;Si;3.0;2.0;2.0;0.0;1;5.33
1035;M;16.0;3.0;S;Educacion;Salud;Papa;0.0;no;Si;Si;no;4.0;1.0;2.0;0.0;3;9.67
1036;M;15.0;4.0;S;Otros;Servicios;Mama;3.0;no;Si;Si;no;5.0;5.0;5.0;11.0;2;5.67
1037;M;15.0;1.0;N;Otros;Otros;Mama;15.0;no;Si;Si;no;5.0;4.0;5.0;8.0;2;4.0
1038;M;15.0;3.0;N;Servicios;Servicios;Mama;1.0;no;no;Si;no;4.0;3.0;3.0;11.0;1;8.0
1039;F;16.0;1.0;S;Otros;Otros;Mama;9.0;no;Si;Si;Si;4.0;3.0;3.0;2.0;2;3.67
1040;F;16.0;1.0;S;Otros;Otros;Mama;3.0;no;Si;Si;no;1.0;2.0;4.0;8.0;2;9.0
1041;F;17.0;4.0;S;Am@DeCasa;Otros;Mama;0.0;no;no;Si;Si;4.0;3.0;3.0;5.0;2;15.33
1042;F;17.0;5.0;S;Otros;Otros;Mama;5.0;Si;no;Si;no;5.0;1.0;3.0;0.0;1;8.33
1043;F;16.0;5.0;S;Educacion;Servicios;Mama;5.0;no;Si;Si;Si;5.0;3.0;5.0;1.0;2;11.0
1044;M;17.0;5.0;S;Salud;Otros;Papa;0.0;no;no;Si;Si;3.0;3.0;3.0;2.0;2;8.67
1045;M;17.0;1.0;S;Otros;Otros;Papa;1.0;no;no;Si;Si;5.0;1.0;2.0;2.0;3;11.0
1046;M;17.0;4.0;S;Servicios;Otros;Mama;2.0;no;Si;Si;Si;5.0;4.0;4.0;8.0;3;18.33
1047;F;17.0;4.0;S;Salud;Salud;Papa;4.0;no;Si;Si;no;5.0;200.0;5.0;0.0;1;12.33
1048;M;16.0;2.0;S;Otros;Am@DeCasa;Papa;1.0;no;no;Si;no;4.0;1.0;2.0;0.0;2;14.33
1049;F;17.0;5.0;N;Am@DeCasa;Am@DeCasa;Mama;2.0;no;no;Si;Si;4.0;5.0;5.0;2.0;1;14.33
1050;F;17.0;5.0;S;Otros;Otros;Mama;2.0;Si;Si;Si;no;4.0;3.0;3.0;0.0;2;11.33
1051;M;16.0;3.0;N;Otros;Servicios;Papa;2.0;no;Si;Si;Si;4.0;1.0;2.0;0.0;2;15.0
1052;M;17.0;4.0;S;Otros;Otros;Papa;2.0;no;Si;Si;no;4.0;1.0;2.0;0.0;2;12.33
1053;M;19.0;5.0;S;Otros;Otros;Mama;5.0;no;Si;no;no;4.0;4.0;3.0;2.0;3;18.0
1054;M;17.0;2.0;N;Otros;Otros;Mama;1.0;no;no;Si;Si;4.0;1.0;2.0;4.0;1;13.67
1055;F;17.0;4.0;S;Am@DeCasa;Am@DeCasa;Papa;0.0;no;Si;no;Si;3.0;5.0;5.0;3.0;2;12.33
1056;F;16.0;5.0;S;Otros;Otros;Papa;10.0;Si;Si;Si;Si;4.0;3.0;4.0;5.0;1;6.33
1057;M;16.0;3.0;S;Otros;Am@DeCasa;Mama;0.0;no;no;Si;no;4.0;4.0;4.0;4.0;3;8.67
1058;F;17.0;4.0;S;Otros;Otros;Mama;4.0;no;Si;Si;Si;5.0;4.0;4.0;2.0;1;13.67
1059;M;17.0;4.0;S;Otros;Otros;Mama;0.0;no;no;no;Si;5.0;5.0;5.0;0.0;4;15.67
1060;M;18.0;5.0;S;Am@DeCasa;Am@DeCasa;Otros;0.0;Si;Si;Si;no;4.0;3.0;2.0;0.0;1;11.0
1061;M;17.0;4.0;S;Otros;Servicios;Mama;0.0;no;Si;Si;Si;4.0;5.0;5.0;0.0;2;10.67
1062;M;18.0;3.0;S;Am@DeCasa;Am@DeCasa;Mama;2.0;no;Si;Si;no;4.0;3.0;3.0;6.0;2;13.67
1063;F;16.0;1.0;S;Otros;Servicios;Papa;4.0;no;no;Si;Si;5.0;4.0;3.0;0.0;1;17.33
1064;M;17.0;5.0;S;Otros;Otros;Mama;0.0;no;no;Si;Si;1.0;2.0;1.0;0.0;2;14.0
1065;M;16.0;4.0;S;Servicios;Otros;Papa;0.0;no;no;Si;no;4.0;5.0;5.0;2.0;2;12.67
1066;M;16.0;2.0;;Am@DeCasa;Otros;Mama;0.0;no;no;Si;no;4.0;5.0;5.0;0.0;3;17.67
1067;M;18.0;4.0;S;Servicios;Otros;Otros;0.0;no;;no;Si;5.0;3.0;3.0;2.0;2;8.33
1068;M;18.0;4.0;S;Servicios;Otros;Mama;0.0;no;no;no;no;2.0;3.0;1.0;0.0;2;13.0
1069;M;19.0;5.0;S;Am@DeCasa;Servicios;Mama;1.0;no;no;Si;no;3.0;2.0;1.0;4.0;1;10.67
1070;M;18.0;5.0;S;Am@DeCasa;Am@DeCasa;Mama;4.0;no;Si;no;no;4.0;4.0;5.0;9.0;2;6.0
1071;M;16.0;5.0;S;Servicios;Servicios;Mama;1.0;no;Si;Si;Si;5.0;4.0;3.0;6.0;3;13.0
1072;M;19.0;5.0;S;Am@DeCasa;Otros;Otros;1.0;no;no;no;Si;4.0;4.0;3.0;4.0;2;11.67
1073;F;16.0;5.0;N;Servicios;Am@DeCasa;Mama;2.0;no;Si;Si;Si;2.0;5.0;5.0;8.0;1;11.33
1074;F;17.0;4.0;S;Otros;Am@DeCasa;Mama;1.0;no;Si;Si;no;4.0;3.0;2.0;9.0;1;13.67
1075;M;20.0;4.0;S;Otros;Otros;Otros;1.0;no;Si;no;Si;4.0;4.0;3.0;12.0;3;11.67
1076;F;18.0;4.0;N;Servicios;Servicios;Mama;1.0;no;Si;Si;no;5.0;4.0;4.0;8.0;3;5.33
1077;M;18.0;5.0;S;Otros;Otros;Mama;1.0;no;Si;Si;no;2.0;5.0;5.0;8.0;5;9.33
1078;M;19.0;4.0;S;Otros;Servicios;Otros;3.0;no;no;Si;no;5.0;4.0;4.0;8.0;3;10.67
1079;M;17.0;4.0;S;Salud;Otros;Mama;2.0;no;Si;Si;no;4.0;5.0;4.0;4.0;2;11.0
1080;M;18.0;3.0;S;Am@DeCasa;Servicios;Mama;0.0;no;no;no;Si;4.0;3.0;3.0;0.0;2;13.0
1081;M;19.0;5.0;S;Otros;Otros;Otros;1.0;no;Si;Si;no;4.0;4.0;4.0;4.0;3;9.67
1082;F;18.0;4.0;N;Am@DeCasa;Otros;Mama;5.0;no;Si;Si;no;4.0;3.0;3.0;2.0;1;11.0
1083;F;19.0;2.0;N;Am@DeCasa;Otros;Mama;0.0;no;Si;no;no;1.0;4.0;4.0;0.0;1;13.67
1084;F;18.0;5.0;S;Otros;Otros;Mama;0.0;no;no;no;Si;5.0;5.0;5.0;0.0;1;15.33
1085;F;17.0;4.0;S;Am@DeCasa;Otros;Mama;0.0;no;Si;Si;no;4.0;4.0;3.0;0.0;1;10.67
1086;F;17.0;2.0;N;Otros;Am@DeCasa;Otros;7.0;no;Si;no;no;4.0;2.0;3.0;5.0;2;15.0
1087;F;17.0;4.0;S;Educacion;Servicios;Mama;2.0;Si;Si;Si;no;5.0;5.0;5.0;0.0;2;10.33
1088;F;18.0;3.0;S;Servicios;Servicios;Mama;4.0;no;Si;Si;no;2.0;3.0;3.0;3.0;1;9.33
1089;F;17.0;5.0;S;Salud;Am@DeCasa;Mama;1.0;no;Si;Si;Si;3.0;2.0;2.0;0.0;1;14.0
1090;F;17.0;1.0;S;Am@DeCasa;Otros;Papa;1.0;no;no;Si;no;5.0;5.0;1.0;0.0;1;8.33
1091;F;18.0;5.0;S;Otros;Otros;Mama;4.0;no;no;Si;Si;3.0;4.0;4.0;3.0;2;13.33
1092;F;18.0;5.0;S;Servicios;Am@DeCasa;Papa;3.0;no;no;Si;no;4.0;3.0;5.0;2.0;1;2.33
1093;F;17.0;2.0;S;Servicios;Servicios;Mama;1.0;no;Si;Si;no;4.0;4.0;3.0;0.0;1;5.33
1094;F;18.0;3.0;N;Am@DeCasa;Otros;Mama;5.0;no;no;Si;no;4.0;4.0;3.0;0.0;1;6.33
1095;F;18.0;5.0;S;Educacion;Educacion;Mama;4.0;no;no;Si;no;4.0;3.0;5.0;0.0;1;15.33
1096;M;18.0;1.0;S;Servicios;Otros;Mama;1.0;no;Si;Si;no;5.0;4.0;5.0;3.0;1;13.33
1097;F;17.0;5.0;S;Otros;Otros;Mama;2.0;no;Si;Si;no;4.0;3.0;3.0;0.0;1;5.0
1098;F;18.0;4.0;S;Am@DeCasa;Otros;Mama;4.0;no;no;Si;Si;4.0;3.0;3.0;0.0;1;16.0
1099;M;18.0;1.0;S;Am@DeCasa;Servicios;Mama;1.0;no;Si;Si;no;4.0;1.0;4.0;8.0;5;9.67
1100;M;18.0;5.0;S;Am@DeCasa;Servicios;Mama;1.0;no;Si;Si;Si;2.0;5.0;5.0;5.0;1;11.33
1101;M;17.0;4.0;S;Otros;Servicios;Papa;0.0;no;no;no;no;4.0;2.0;3.0;4.0;3;6.67
1102;F;18.0;4.0;S;Otros;Otros;Mama;4.0;no;Si;Si;Si;1.0;3.0;1.0;4.0;1;15.33
1103;F;18.0;3.0;;Servicios;Servicios;Papa;7.0;no;no;Si;Si;5.0;4.0;5.0;0.0;2;5.67
1104;F;18.0;2.0;N;Educacion;Otros;Mama;4.0;no;;Si;Si;5.0;3.0;1.0;0.0;1;10.33
1105;F;18.0;4.0;S;Am@DeCasa;Servicios;Mama;5.0;no;no;no;no;4.0;4.0;2.0;2.0;1;13.33
1106;F;19.0;5.0;S;Am@DeCasa;Servicios;Papa;1.0;no;no;no;no;5.0;5.0;5.0;0.0;2;15.67
1107;F;17.0;5.0;S;Educacion;Otros;Papa;12.0;no;no;Si;Si;4.0;2.0;3.0;0.0;2;9.67
1108;F;17.0;3.0;N;Servicios;Otros;Mama;5.0;no;no;Si;Si;5.0;3.0;3.0;5.0;1;14.33
1109;F;18.0;1.0;N;Am@DeCasa;Servicios;Mama;3.0;no;no;Si;Si;5.0;2.0;3.0;2.0;1;12.33
1110;F;18.0;4.0;S;Am@DeCasa;Am@DeCasa;Papa;4.0;no;Si;no;no;4.0;1.0;1.0;0.0;1;7.67
1111;F;19.0;5.0;N;Am@DeCasa;Am@DeCasa;Otros;3.0;no;Si;no;Si;3.0;5.0;4.0;0.0;2;13.0
1112;F;18.0;5.0;S;Servicios;Otros;Mama;8.0;no;no;Si;Si;4.0;2.0;1.0;5.0;1;7.67
1113;M;17.0;5.0;S;Servicios;Otros;Mama;2.0;no;Si;Si;Si;4.0;5.0;5.0;4.0;2;8.0
1114;F;18.0;4.0;S;Servicios;Servicios;Papa;2.0;no;Si;Si;Si;5.0;3.0;4.0;0.0;1;11.67
1115;F;17.0;5.0;S;Educacion;Servicios;Papa;4.0;no;Si;Si;no;4.0;3.0;3.0;2.0;1;9.33
1116;F;17.0;3.0;N;Servicios;Otros;Mama;3.0;no;no;Si;Si;1.0;2.0;3.0;0.0;1;12.67
1117;M;18.0;1.0;S;Otros;Servicios;Papa;1.0;no;no;Si;Si;3.0;3.0;2.0;2.0;1;11.67
1118;F;18.0;2.0;S;Am@DeCasa;Servicios;Papa;10.0;no;no;Si;no;5.0;3.0;2.0;0.0;1;10.0
1119;F;18.0;2.0;N;Am@DeCasa;Otros;Mama;2.0;no;no;Si;Si;4.0;3.0;4.0;0.0;2;16.67
1120;F;18.0;5.0;S;Servicios;Servicios;Mama;3.0;no;Si;Si;Si;4.0;3.0;2.0;6.0;2;13.0
1121;F;17.0;3.0;S;Am@DeCasa;Am@DeCasa;Mama;3.0;no;Si;Si;Si;2.0;3.0;4.0;4.0;1;12.33
1122;F;17.0;5.0;S;Otros;Servicios;Papa;2.0;no;no;Si;no;3.0;2.0;2.0;0.0;1;10.67
1123;M;18.0;4.0;S;Am@DeCasa;Otros;Mama;2.0;no;Si;Si;no;3.0;3.0;4.0;0.0;3;15.33
1124;M;18.0;2.0;S;Educacion;Servicios;Mama;6.0;no;no;Si;Si;4.0;2.0;2.0;0.0;2;11.67
1125;F;17.0;4.0;S;Otros;Servicios;Mama;0.0;no;Si;Si;Si;5.0;2.0;1.0;0.0;1;10.0
1126;F;18.0;4.0;S;Am@DeCasa;Servicios;Papa;1.0;no;Si;Si;Si;5.0;2.0;3.0;0.0;1;13.0
1127;F;18.0;4.0;S;Otros;Educacion;Papa;3.0;no;Si;Si;Si;3.0;2.0;2.0;0.0;3;4.33
1128;M;18.0;1.0;S;Am@DeCasa;Servicios;Papa;0.0;no;Si;no;Si;4.0;3.0;3.0;3.0;2;10.33
1129;F;17.0;5.0;S;Otros;Am@DeCasa;Mama;10.0;no;no;Si;Si;3.0;4.0;3.0;8.0;1;12.33
1130;F;17.0;4.0;S;Otros;Otros;Mama;0.0;no;no;Si;no;3.0;5.0;5.0;4.0;2;7.67
1131;F;18.0;2.0;S;Otros;Otros;Mama;9.0;no;no;Si;no;5.0;4.0;4.0;150.0;1;12.67
1132;F;18.0;5.0;S;Otros;Otros;Mama;8.0;no;no;Si;no;4.0;3.0;2.0;4.0;1;11.67
1133;F;19.0;4.0;S;Am@DeCasa;Otros;Otros;2.0;no;Si;Si;Si;4.0;3.0;3.0;4.0;1;5.33
1134;F;18.0;3.0;S;Educacion;Servicios;Mama;2.0;no;no;Si;no;5.0;4.0;3.0;1.0;3;18.67
1135;F;18.0;5.0;S;Otros;Otros;Mama;3.0;no;no;Si;Si;4.0;1.0;3.0;1.0;1;8.67
1136;F;17.0;4.0;S;Am@DeCasa;Otros;Mama;2.0;no;Si;Si;no;4.0;5.0;4.0;10.0;2;14.67
1137;M;18.0;5.0;S;Educacion;Educacion;Papa;2.0;no;no;Si;no;3.0;2.0;4.0;4.0;2;9.0
1138;M;18.0;3.0;S;Otros;Otros;Mama;1.0;no;no;Si;Si;4.0;4.0;3.0;0.0;2;15.0
1139;M;17.0;5.0;S;Otros;Servicios;Papa;3.0;no;no;Si;no;4.0;4.0;3.0;4.0;1;10.0
1140;M;19.0;5.0;;Otros;Servicios;Mama;0.0;no;no;Si;no;4.0;3.0;2.0;0.0;2;14.33
1141;M;18.0;4.0;S;Otros;Otros;Papa;0.0;no;;Si;no;5.0;4.0;3.0;0.0;4;6.67
1142;F;18.0;4.0;S;Am@DeCasa;Otros;Mama;8.0;no;no;Si;no;5.0;3.0;3.0;0.0;2;10.67
1143;F;17.0;4.0;S;Educacion;Otros;Mama;2.0;no;no;Si;no;5.0;5.0;4.0;0.0;1;3.67
1144;F;18.0;5.0;S;Educacion;Am@DeCasa;Mama;1.0;no;Si;Si;Si;4.0;4.0;3.0;150.0;2;5.33
1145;F;19.0;1.0;S;Servicios;Otros;Mama;8.0;no;no;Si;no;5.0;4.0;2.0;4.0;1;9.67
1146;F;18.0;1.0;S;Educacion;Servicios;Mama;3.0;no;Si;Si;no;4.0;3.0;4.0;4.0;1;5.67
1147;F;18.0;5.0;S;Otros;Otros;Mama;5.0;no;no;Si;no;1.0;1.0;1.0;6.0;1;4.0
1148;M;17.0;2.0;S;Servicios;Servicios;Mama;1.0;no;no;Si;no;2.0;4.0;5.0;6.0;3;8.0
1149;M;18.0;1.0;S;Servicios;Otros;Mama;0.0;no;no;Si;no;4.0;4.0;1.0;4.0;3;3.67
